RUS-AFG,1131
PAK-AFG,633
VNM-KHM,556
USA-NIC,522
SYR-LBN,501
USA-SLV,440
USA-IRN,394
IRN-IRQ,375
USA-RUS,366
ISR-LBN,363
IRQ-IRN,323
FRA-TCD,322
USA-ISR,318
USA-HND,313
USA-PHL,304
THA-KHM,292
THA-VNM,271
RUS-USA,270
USA-AFG,266
IRN-USA,265
USA-LBN,263
FRA-IRN,262
USA-GBR,251
CHN-VNM,231
FRA-LBN,231
ISR-PSE,224
GBR-USA,223
USA-EGY,219
USA-VNM,212
USA-PAN,208
ZAF-AFR,206
ISR-USA,205
USA-CHN,203
LBN-ISR,195
NIC-USA,194
AFG-RUS,188
JPN-USA,184
USA-JPN,180
KHM-VNM,178
VNM-THA,176
USA-FRA,173
USA-PAK,173
HND-NIC,158
LBY-TCD,153
USA-POL,153
USA-AFR,152
FRA-USA,150
LBN-SYR,149
USA-HTI,148
IRN-LBN,147
USA-DEU,147
USA-ETH,143
CUB-AGO,138
JPN-VNM,133
USA-SDN,131
PSE-ISR,129
USA-MEX,129
CHN-USA,128
USA-EUR,128
THA-LAO,127
GBR-IRL,124
VNM-USA,123
USA-THA,122
DEU-USA,119
AFG-PAK,118
PAN-USA,116
RUS-POL,116
USA-CUB,116
VNM-CHN,116
CAN-USA,113
JPN-CHN,111
ITA-LBN,110
RUS-VNM,106
TUR-CYP,103
HND-USA,102
AFR-AGO,101
SLV-USA,101
ISR-IRN,97
GBR-RUS,96
EGY-USA,95
ISR-SYR,95
USA-ITA,95
RUS-NIC,92
GBR-ARG,91
MEX-USA,90
GBR-AFR,89
JOR-IRQ,89
USA-COL,89
IRN-AFG,87
LBN-PSE,87
PHL-USA,87
USA-PSE,87
CHN-JPN,86
GBR-FRA,86
SAU-IRQ,86
LBN-USA,85
ARG-GBR,82
USA-KOR,82
EGY-IRQ,81
GBR-LBN,81
CHN-KHM,80
JPN-PHL,79
ISR-ETH,78
USA-TCD,78
NIC-HND,77
EGY-ISR,75
IRN-FRA,75
KWT-IRQ,75
USA-GRD,75
USA-AGO,74
RUS-CUB,73
FRA-LBY,72
USA-TUR,72
JPN-MMR,71
LBY-USA,71
EUR-USA,70
KHM-THA,70
DEU-POL,69
RUS-IRN,69
USA-IRQ,69
AFR-ZAF,68
FRA-AFR,68
USA-CAN,68
AFR-USA,67
ITA-USA,67
HND-SLV,66
ISR-RUS,66
RUS-ETH,66
VNM-LAO,66
AFR-MOZ,65
CRI-NIC,65
FRA-ITA,65
JOR-PSE,65
PSE-LBN,65
USA-BOL,65
AFR-NAM,63
USA-KHM,63
EGY-IRN,62
JOR-ISR,62
DEU-RUS,61
GBR-UGA,61
ISR-EGY,61
SDN-TCD,61
TZA-MOZ,61
CUB-USA,60
GBR-AFG,60
POL-RUS,60
USA-KEN,60
SYR-ISR,59
KEN-UGA,58
SDN-ETH,58
USA-GRC,58
USA-SAU,58
LBN-FRA,56
LBY-SDN,56
RUS-DEU,56
RUS-KHM,56
RUS-SYR,56
AUS-AFG,55
FRA-VNM,55
TCD-LBY,55
GBR-ZWE,54
ZWE-MOZ,54
CHN-THA,53
USA-IRL,53
FRA-IRQ,52
GBR-DEU,52
JPN-PAK,52
SAU-SYR,52
DEU-EUR,51
EGY-LBY,51
JPN-GHA,51
NGA-AFR,51
POL-USA,51
FRA-RUS,50
GBR-EUR,50
IRL-GBR,50
JPN-THA,50
MYS-VNM,50
RUS-GBR,50
THA-USA,50
PSE-JOR,49
SDN-USA,49
DEU-GBR,48
JPN-BGD,48
NIC-CUB,48
SYR-MEA,48
USA-PER,48
USA-SOM,48
AFG-USA,47
JPN-AFG,47
LBN-IRN,47
AUS-VNM,46
CAN-AFG,46
GBR-KEN,46
IRN-ISR,46
IRN-SYR,46
POL-DEU,46
THA-CHN,46
USA-CRI,46
AGO-AFR,45
GBR-IRN,45
USA-CHE,45
USA-LBR,45
ISR-UGA,44
RUS-JPN,44
RUS-PAK,44
SYR-PSE,44
UGA-SDN,44
AUS-NZL,43
IRL-USA,43
SAU-SDN,43
EGY-SDN,42
FRA-HTI,42
JPN-NPL,42
JPN-RUS,42
RUS-CHN,42
RUS-FRA,42
SAU-ISR,42
TCD-FRA,42
TZA-UGA,42
VNM-RUS,42
DEU-FRA,41
GBR-PAK,41
GRC-CYP,41
SLV-HND,41
SYR-USA,41
USA-HUN,41
AGO-CUB,40
CYP-GRC,40
EGY-PSE,40
EUR-SDN,40
LBY-SYR,40
SAU-YEM,40
THA-MMR,40
CUB-NIC,39
EUR-AFR,39
IND-LKA,39
JPN-IDN,39
JPN-KOR,39
JPN-TUR,39
LBN-ITA,39
MWI-MOZ,39
RUS-IRQ,39
USA-MAR,39
USA-ZAF,39
CYP-TUR,38
GBR-NGA,38
GRC-TUR,38
HTI-USA,38
IRQ-JOR,38
JPN-SEA,38
NIC-SLV,38
PHL-VNM,38
SDN-UGA,38
USA-GTM,38
VEN-NIC,38
AUS-USA,37
CHN-RUS,37
DEU-AFR,37
ETH-SDN,37
KOR-PRK,37
NIC-CRI,37
USA-JOR,37
USA-MOZ,37
CUB-AFR,36
ETH-USA,36
FRA-CAF,36
FRA-DEU,36
JOR-IRN,36
LAO-THA,36
LBY-PSE,36
MOZ-AFR,36
PAK-USA,36
SAU-IRN,36
TUR-IRN,36
USA-BRA,36
USA-UGA,36
ZAF-AGO,36
GBR-CAN,35
ISR-FRA,35
JPN-AFR,35
JPN-EGY,35
RUS-AGO,35
SEA-VNM,35
AUT-POL,34
CHE-USA,34
CHN-AFG,34
COL-USA,34
ITA-GBR,34
USA-LBY,34
USA-WST,34
ZWE-AFR,34
AFR-KEN,33
AFR-ZWE,33
ARG-USA,33
FRA-AFG,33
ITA-FRA,33
JPN-KHM,33
SWE-AFR,33
SYR-LBY,33
USA-ARG,33
USA-ZWE,33
ZWE-GBR,33
CAN-AFR,32
COD-TCD,32
ETH-ISR,32
FRA-GBR,32
FRA-ISR,32
GTM-USA,32
ITA-ETH,32
ITA-PSE,32
JPN-SOM,32
RUS-AFR,32
SAU-USA,32
SDN-IRQ,32
USA-LAO,32
USA-SYR,32
GBR-CHN,31
GBR-ITA,31
GRC-USA,31
JPN-IRN,31
JPN-NGA,31
MEX-GTM,31
PER-USA,31
PHL-JPN,31
SEN-GMB,31
ETH-AFR,30
FRA-ESP,30
FRA-PSE,30
GBR-ETH,30
IRN-SAU,30
JPN-LKA,30
LBY-FRA,30
MEX-NIC,30
RUS-EUR,30
RUS-ISR,30
RUS-LBY,30
SAU-AFG,30
CUB-ETH,29
ESP-USA,29
FRA-POL,29
GBR-GHA,29
GBR-LBY,29
GTM-SLV,29
ISR-JOR,29
JPN-ZMB,29
KEN-USA,29
NOR-NIC,29
PRK-JPN,29
SAU-LBN,29
SDN-EGY,29
CAN-IRN,28
CHE-PHL,28
CHN-PAK,28
EGY-RUS,28
ITA-AFG,28
JOR-SDN,28
JPN-MEX,28
JPN-TZA,28
KEN-AFR,28
LAO-VNM,28
RUS-FIN,28
RWA-BDI,28
SYR-JOR,28
USA-CHL,28
VNM-SEA,28
CMR-TCD,27
DEU-AFG,27
DEU-KEN,27
DEU-VNM,27
DEU-WST,27
FRA-EGY,27
FRA-EUR,27
KWT-USA,27
NZL-FJI,27
PSE-USA,27
RUS-TUR,27
SAU-EGY,27
SYR-IRN,27
USA-ESP,27
VAT-USA,27
ZAF-USA,27
AUS-AFR,26
CHN-GBR,26
ITA-ISR,26
PAK-BGD,26
SOM-ETH,26
AUS-CHN,25
ETH-ERI,25
FRA-TGO,25
IRQ-SYR,25
ITA-RUS,25
KEN-SOM,25
LBY-AFR,25
LBY-LBN,25
NOR-MOZ,25
PAK-RUS,25
POL-EUR,25
SAU-PSE,25
TUR-GRC,25
USA-NGA,25
USA-NLD,25
USA-ZMB,25
ARM-RUS,24
CHN-IRN,24
DEU-NIC,24
FRA-SEN,24
GRD-USA,24
HUN-DEU,24
JPN-POL,24
KOR-JPN,24
KWT-EGY,24
MEX-SLV,24
MEX-VEN,24
PAK-IRN,24
SLV-NIC,24
SWE-RUS,24
USA-COD,24
AFG-IRN,23
AFR-FRA,23
AGO-NAM,23
AUS-PHL,23
BRA-PRY,23
CAN-GBR,23
CRI-USA,23
CUB-NAM,23
DEU-BGD,23
EUR-DEU,23
EUR-NGA,23
GBR-VNM,23
ITA-MOZ,23
PRT-MOZ,23
RUS-HUN,23
SWE-ETH,23
SWE-NIC,23
USA-SEA,23
VAT-PAN,23
AUS-FJI,22
FIN-TZA,22
FRA-CMR,22
FRA-NIC,22
GBR-MOZ,22
ITA-SDN,22
MEA-LBN,22
NLD-SDN,22
NLD-USA,22
PRK-KOR,22
RUS-EGY,22
SAU-KWT,22
TZA-AFR,22
VEN-USA,22
CAN-BGD,21
CHN-PRK,21
DEU-ITA,21
FIN-VNM,21
FRA-COD,21
GBR-NPL,21
GBR-POL,21
IRN-TUR,21
IRQ-LBN,21
IRQ-SDN,21
NLD-MOZ,21
RUS-ARM,21
RUS-MOZ,21
SGP-VNM,21
SWE-MOZ,21
SWE-ZMB,21
TUR-IRQ,21
AFR-LSO,20
AFR-NGA,20
CUB-RUS,20
DEU-SDN,20
DEU-TUR,20
EGY-JOR,20
EGY-LBN,20
ESP-CUB,20
EUR-POL,20
EUR-UGA,20
FIN-FSM,20
FRA-MOZ,20
FRA-TUN,20
GBR-LKA,20
GBR-WST,20
GTM-HND,20
IDN-SEA,20
IRL-LBN,20
IRQ-FRA,20
JOR-SYR,20
LBY-GBR,20
LBY-ISR,20
MOZ-ZWE,20
NLD-AFR,20
NLD-SUR,20
NOR-TZA,20
PHL-CHE,20
POL-GBR,20
RUS-LBN,20
SAU-JOR,20
SWE-IRN,20
SYR-FRA,20
TUR-USA,20
USA-PGS,20
USA-TUN,20
ZMB-AFR,20
BGR-RUS,19
BGR-TUR,19
CAN-POL,19
CHN-LAO,19
DEU-NPL,19
ESP-PHL,19
EUR-GBR,19
GBR-EGY,19
GBR-ISR,19
GHA-AFR,19
IDN-VNM,19
IRN-GBR,19
IRQ-ISR,19
JOR-USA,19
JPN-PRK,19
LAO-KHM,19
LBN-GBR,19
LBN-MEA,19
LBY-UGA,19
UGA-TZA,19
USA-DNK,19
USA-DOM,19
USA-PRT,19
USA-UKR,19
AFR-TZA,18
AFR-ZMB,18
AUS-THA,18
BRA-USA,18
BWA-AFR,18
CAN-GHA,18
DEU-PAK,18
DNK-USA,18
EUR-ETH,18
FIN-MOZ,18
FRA-MEX,18
FRA-PHL,18
GBR-ZMB,18
HUN-RUS,18
IRN-RUS,18
JPN-COL,18
JPN-KEN,18
JPN-MOZ,18
LBN-LBY,18
LBY-IRN,18
MEX-HND,18
NGA-GBR,18
NGA-GHA,18
SAU-BGD,18
SDN-LBY,18
SWE-AFG,18
USA-AUS,18
USA-DZA,18
AFR-ETH,17
AFR-SDN,17
AGO-RUS,17
ARG-PER,17
AZE-ARM,17
BRA-HTI,17
CAN-VNM,17
CRI-HND,17
DEU-SWE,17
DNK-SWE,17
EGY-SAU,17
ESP-EUR,17
EUR-ZMB,17
FIN-NAM,17
FRA-SDN,17
FRA-SWE,17
GBR-BGD,17
GBR-SGP,17
GHA-NAM,17
HUN-POL,17
IRN-EGY,17
IRQ-TUR,17
ISR-DEU,17
ITA-EUR,17
ITA-KEN,17
JPN-ZWE,17
KHM-RUS,17
KOR-USA,17
KWT-LBN,17
KWT-SYR,17
LBY-NIC,17
LSO-ZAF,17
NZL-FRA,17
SAU-AFR,17
SAU-FRA,17
SAU-TUR,17
SWE-VNM,17
SYR-SAU,17
TUR-DEU,17
USA-ARM,17
USA-IND,17
USA-VAT,17
ARM-AZE,16
ASA-PAK,16
CHN-AFR,16
CZE-DEU,16
DEU-IRN,16
EUR-EGY,16
EUR-FRA,16
EUR-LBN,16
FIN-KEN,16
FRA-SOM,16
GBR-MEX,16
GBR-NLD,16
GBR-ZAF,16
ISR-AFR,16
ISR-NIC,16
ITA-PHL,16
JPN-SDN,16
KEN-SDN,16
MOZ-MWI,16
NIC-RUS,16
NLD-KEN,16
PAK-LKA,16
PER-CUB,16
PGS-IRQ,16
POL-SWE,16
RUS-LAO,16
SDN-KEN,16
SEN-FRA,16
SGP-IDN,16
SYR-RUS,16
USA-TZA,16
VNM-AUS,16
ZAF-MOZ,16
AUS-LAO,15
AUS-MOZ,15
BEL-COD,15
BEL-GBR,15
CAN-ETH,15
CAN-PAK,15
CAN-ZWE,15
CHN-MMR,15
COD-UGA,15
CUB-VNM,15
DEU-CAN,15
DEU-EGY,15
DEU-TZA,15
DZA-USA,15
EUR-RUS,15
EUR-TUR,15
EUR-WST,15
FIN-POL,15
FRA-CHE,15
FRA-CHN,15
FRA-GIN,15
GBR-ESP,15
GBR-HUN,15
GBR-JOR,15
GBR-JPN,15
GBR-TZA,15
GBR-YEM,15
HUN-AUT,15
IRN-CHE,15
IRQ-BGD,15
ITA-AFR,15
ITA-VNM,15
JPN-DEU,15
JPN-FRA,15
JPN-IRQ,15
KEN-GBR,15
LAO-USA,15
LBY-EGY,15
LSO-AFR,15
NAM-AFR,15
NLD-SWE,15
NOR-KEN,15
NOR-VNM,15
PAK-CHN,15
PAK-SAU,15
PAN-IRN,15
PSE-SYR,15
RUS-SVK,15
RUS-SWE,15
SWE-TZA,15
TUR-EUR,15
USA-LKA,15
USA-NZL,15
USA-URY,15
WST-TUR,15
WST-USA,15
ZWE-BWA,15
ZWE-USA,15
AFR-TCD,14
AFR-UGA,14
AUS-ETH,14
BEL-EUR,14
BGD-JPN,14
CHE-ITA,14
CYP-LBN,14
DEU-CHN,14
DEU-JOR,14
EGY-AFR,14
ESP-VEN,14
FRA-BFA,14
FRA-SYR,14
GBR-BEL,14
GBR-PSE,14
IND-AFG,14
ISR-ITA,14
ISR-LBY,14
ITA-COD,14
ITA-POL,14
JPN-BRA,14
JPN-CAN,14
JPN-COD,14
JPN-ETH,14
JPN-GBR,14
JPN-MDG,14
JPN-WSM,14
KWT-PSE,14
KWT-SDN,14
LBY-TUN,14
LKA-IND,14
LKA-USA,14
NAM-AGO,14
NLD-POL,14
NOR-SWE,14
POL-HUN,14
PRT-USA,14
RUS-KOR,14
SEA-KHM,14
SWE-KEN,14
SWE-POL,14
SWE-USA,14
TUR-AFG,14
TUR-RUS,14
TZA-USA,14
UGA-RWA,14
USA-BWA,14
USA-MMR,14
USA-PLW,14
USA-PRK,14
VEN-SLV,14
VNM-MYS,14
WST-EUR,14
YEM-PSE,14
YEM-RUS,14
AFR-ISR,13
ARE-IRN,13
ARE-IRQ,13
ARG-BOL,13
AUS-IDN,13
AUS-KHM,13
AUT-DEU,13
AUT-EUR,13
CAN-LKA,13
CAN-WST,13
CMR-FRA,13
CZE-SVK,13
DEU-ESP,13
DEU-LBY,13
DEU-MMR,13
EGY-CYP,13
ESP-MEX,13
ESP-WST,13
ETH-RUS,13
EUR-PSE,13
EUR-SOM,13
FIN-NPL,13
FRA-DZA,13
FRA-NLD,13
GBR-SDN,13
GHA-USA,13
IRL-SWE,13
ITA-DEU,13
ITA-EGY,13
ITA-IRN,13
JPN-ARG,13
JPN-LAO,13
KHM-CHN,13
KHM-USA,13
KOR-VNM,13
LBN-JOR,13
MEX-ARG,13
NAM-ZAF,13
NGA-NAM,13
NLD-EUR,13
POL-FRA,13
PRT-AGO,13
RUS-THA,13
SEA-THA,13
SEN-AFR,13
SOM-USA,13
SWE-EUR,13
SWE-LBN,13
TUR-WST,13
UGA-BDI,13
USA-JAM,13
USA-KWT,13
USA-LSO,13
USA-NAM,13
USA-NOR,13
WST-DEU,13
ZMB-AGO,13
ZMB-MOZ,13
ZWE-ZMB,13
AFG-CHN,12
AFR-IND,12
ARG-CHL,12
AUT-PHL,12
BRN-NIC,12
CAF-FRA,12
CAN-TZA,12
CHN-BRN,12
CHN-MLI,12
CRI-CUB,12
CUB-GRD,12
DEU-GHA,12
DNK-TZA,12
ERI-ETH,12
EUR-GRC,12
EUR-TGO,12
FIN-RUS,12
FRA-NPL,12
GBR-SOM,12
HUN-EUR,12
IDN-THA,12
IRN-PGS,12
ITA-CHN,12
ITA-CYP,12
ITA-LBY,12
JOR-SAU,12
JPN-PER,12
KWT-YEM,12
LBR-USA,12
LKA-PAK,12
NLD-FRA,12
POL-BGR,12
POL-SVK,12
POL-WST,12
RUS-CHE,12
RUS-ESP,12
RUS-MNG,12
RUS-UKR,12
SAU-MAR,12
SAU-NIC,12
SAU-PAK,12
THA-SEA,12
TUR-BGR,12
USA-BHS,12
USA-BRN,12
USA-CYP,12
VEN-MEX,12
VNM-FRA,12
WST-POL,12
AFG-CHE,11
ASA-BGD,11
ASA-PHL,11
AUS-TMP,11
BEL-KEN,11
BGD-SAU,11
BGR-DZA,11
BGR-NIC,11
BRA-IRQ,11
CAN-CHN,11
CAN-ESP,11
CAN-FRA,11
CAN-MOZ,11
CAN-NPL,11
CHE-AFG,11
CHE-AFR,11
CHN-BGD,11
CUB-PER,11
CUB-SLV,11
DEU-ALB,11
DEU-CZE,11
DEU-JPN,11
DEU-YEM,11
DOM-HTI,11
EGY-AFG,11
EGY-EUR,11
EGY-SYR,11
ETH-SOM,11
EUR-MOZ,11
EUR-ZWE,11
FIN-LBN,11
FRA-DMA,11
FRA-ETH,11
FRA-FJI,11
FRA-KHM,11
GBR-AUS,11
IDN-USA,11
IND-USA,11
IRN-NIC,11
IRQ-EGY,11
IRQ-KWT,11
IRQ-SAU,11
ISR-POL,11
ITA-CHE,11
ITA-MLT,11
ITA-TUR,11
ITA-TZA,11
JAM-USA,11
JOR-LBN,11
JPN-NIC,11
JPN-TGO,11
KHM-SEA,11
KWT-AFR,11
KWT-SAU,11
LBY-ITA,11
MOZ-TZA,11
MOZ-ZAF,11
NGA-BFA,11
NIC-CAN,11
NOR-LBN,11
PRK-CHN,11
PSE-GBR,11
RUS-ITA,11
RUS-TCD,11
SEA-CHN,11
SGP-MYS,11
SGP-USA,11
SOM-KEN,11
SVK-CZE,11
SVK-NIC,11
SWE-AGO,11
TUN-LBN,11
TZA-KEN,11
UGA-KEN,11
UKR-RUS,11
USA-ECU,11
USA-FJI,11
USA-GUY,11
USA-IDN,11
VEN-HTI,11
VNM-BRN,11
VNM-PHL,11
AFR-COD,10
AFR-EGY,10
AFR-GBR,10
AFR-GHA,10
AFR-SEN,10
AFR-SOM,10
AGO-PRT,10
AGO-ZAF,10
ASA-NPL,10
ATG-AFR,10
AUS-SEA,10
AUS-SGP,10
AUS-SWE,10
AUS-ZWE,10
BEL-ETH,10
BGD-MMR,10
BGR-FRA,10
BOL-USA,10
BRN-USA,10
BWA-ZWE,10
CAN-COL,10
CAN-DEU,10
CAN-HTI,10
CAN-JOR,10
CHE-IRN,10
CHN-ETH,10
COL-PAN,10
CUB-MOZ,10
DEU-MOZ,10
DEU-NLD,10
DEU-SLV,10
DJI-ETH,10
DNK-DEU,10
EGY-TCD,10
EGY-UGA,10
ESP-NIC,10
ETH-DJI,10
EUR-AFG,10
EUR-AGO,10
FRA-BGD,10
FRA-CAN,10
GBR-MWI,10
GBR-SWE,10
GRC-BGR,10
GRC-EUR,10
GRC-PSE,10
HTI-BRA,10
IDN-SGP,10
IRL-SDN,10
IRN-DZA,10
IRN-LBY,10
IRN-TZA,10
IRQ-PGS,10
IRQ-RUS,10
ISR-GBR,10
ISR-IRQ,10
ITA-ARG,10
ITA-GRC,10
ITA-ZMB,10
JAM-GRD,10
JPN-HUN,10
JPN-LBR,10
KEN-MOZ,10
KOR-CHN,10
KOR-HUN,10
LBY-ETH,10
MWI-AFR,10
MYS-SGP,10
NAM-COL,10
NPL-LBN,10
PAN-CRI,10
PHL-CHN,10
PLW-USA,10
PNG-VUT,10
PRT-GNB,10
RUS-ARG,10
RUS-AUT,10
RUS-BGR,10
SAU-CMR,10
SAU-LBY,10
SDN-AFR,10
SGP-IRN,10
SWE-FRA,10
SWE-HUN,10
SWE-ZWE,10
SYR-IRQ,10
THA-RUS,10
TUR-PSE,10
URY-ITA,10
USA-AUT,10
USA-BEL,10
USA-TTO,10
USA-VEN,10
VEN-BOL,10
VEN-PAN,10
VNM-POL,10
AFG-SAU,9
AFR-DEU,9
AFR-EUR,9
AFR-GAB,9
AFR-MWI,9
ARE-SAU,9
ARG-CUB,9
ARG-SLV,9
ARG-VEN,9
AUS-IRN,9
AUS-JPN,9
AUS-NAM,9
BEL-BDI,9
BGD-DEU,9
BOL-ARG,9
BRA-DEU,9
CAN-PHL,9
CAN-SEN,9
CAN-SWE,9
CAN-ZMB,9
CHE-CHN,9
CHE-DEU,9
CHE-JPN,9
CHN-DEU,9
CHN-MAC,9
CHN-SDN,9
COL-VEN,9
DEU-AUT,9
DEU-ETH,9
DEU-PER,9
DEU-SVK,9
DEU-SYR,9
DEU-UGA,9
DEU-ZWE,9
DNK-CHN,9
DNK-NPL,9
DNK-VNM,9
DZA-MRT,9
EGY-SOM,9
ESP-DEU,9
ESP-GBR,9
EUR-BGD,9
EUR-ESP,9
EUR-MAR,9
EUR-NIC,9
FIN-AFR,9
FIN-IRN,9
FIN-SWE,9
FIN-ZMB,9
FRA-BDI,9
FRA-BEL,9
FRA-MDG,9
FRA-PER,9
FRA-UGA,9
GBR-CHE,9
GBR-PRT,9
HUN-USA,9
IRN-JOR,9
IRN-PSE,9
IRQ-PSE,9
IRQ-USA,9
ISR-EUR,9
ISR-SAU,9
ITA-LKA,9
ITA-TUN,9
JPN-ECU,9
JPN-LBN,9
KEN-TZA,9
KHM-AFG,9
KWT-DZA,9
KWT-PGS,9
LBN-IRL,9
LBY-RUS,9
LKA-MDV,9
MCO-USA,9
MLI-FRA,9
MMR-LAO,9
MYS-THA,9
MYS-USA,9
NGA-FRA,9
NGA-SDN,9
NGA-TCD,9
NGA-ZWE,9
NIC-IRN,9
NIC-PAN,9
NLD-CPV,9
NLD-ETH,9
NLD-TZA,9
NLD-ZMB,9
NLD-ZWE,9
NOR-ZMB,9
NZL-PHL,9
PAK-GBR,9
PER-PAN,9
PHL-SEA,9
PRK-RUS,9
PRY-BRA,9
PSE-EGY,9
PSE-FRA,9
PSE-IRN,9
RUS-NOR,9
SAU-ARE,9
SDN-ISR,9
SDN-SAU,9
SOM-AFR,9
SVK-DEU,9
SWE-DEU,9
SWE-DNK,9
SWE-PSE,9
SWE-UGA,9
TCD-COD,9
TZA-CAN,9
UGA-GBR,9
USA-BGD,9
USA-BRB,9
USA-GHA,9
USA-NPL,9
UZB-AFG,9
VNM-CUB,9
WST-GBR,9
YEM-GBR,9
ZWE-TZA,9
AFR-BWA,8
AGO-USA,8
ARE-SDN,8
ARM-USA,8
AUS-FRA,8
AUS-NIC,8
AUS-PAK,8
BLZ-USA,8
BRA-BOL,8
BRA-HUN,8
BRB-AFR,8
CAN-PER,8
CAN-RUS,8
CHE-MOZ,8
CHE-NAM,8
CHN-MOZ,8
CHN-SEA,8
COD-AFR,8
COL-NIC,8
CUB-ESP,8
CYP-EGY,8
CYP-RUS,8
DEU-BEL,8
DEU-LBN,8
DEU-SOM,8
DEU-ZAF,8
DMA-GRD,8
EGY-GBR,8
EGY-MEA,8
ESP-CRI,8
EUR-JPN,8
EUR-KEN,8
EUR-NLD,8
EUR-NPL,8
EUR-VNM,8
FIN-SDN,8
FJI-IRL,8
FRA-IRL,8
FRA-JPN,8
FRA-TUR,8
FRA-VEN,8
GBR-BLZ,8
GBR-CHL,8
GBR-IRQ,8
GBR-NZL,8
GBR-PGS,8
GBR-THA,8
GHA-LBN,8
GIN-AFR,8
GRC-GBR,8
GRD-CUB,8
IDN-AUS,8
IDN-MYS,8
IND-PAK,8
IRN-ARE,8
IRQ-CYP,8
ISR-AUT,8
ISR-VNM,8
ITA-BGR,8
ITA-GHA,8
JPN-MYS,8
JPN-UGA,8
KEN-SWE,8
KEN-ZMB,8
KEN-ZWE,8
LBN-RUS,8
LBY-IRQ,8
LBY-PHL,8
LBY-SEN,8
MEX-ESP,8
MEX-JPN,8
MLT-EGY,8
MMR-BGD,8
MMR-THA,8
NGA-SEN,8
NIC-EUR,8
NIC-LBY,8
NIC-VEN,8
NLD-EGY,8
NLD-MLI,8
NMR-USA,8
NOR-RUS,8
NZL-AUS,8
NZL-RUS,8
PAN-CUB,8
PAN-ESP,8
PAN-NIC,8
POL-AUT,8
POL-NIC,8
PRT-AFR,8
PRT-ESP,8
PSE-ITA,8
RUS-GRD,8
RUS-SEA,8
RUS-UGA,8
SAU-TUN,8
SDN-ERI,8
SDN-GBR,8
SDN-LBN,8
SEA-MYS,8
SWE-ISR,8
SWE-NOR,8
SYR-EGY,8
TCD-NGA,8
TCD-SDN,8
THA-JPN,8
TUR-JOR,8
USA-KNA,8
USA-LTU,8
USA-MEA,8
VEN-DOM,8
VNM-JPN,8
WAF-TGO,8
ZAF-NAM,8
ZAF-ZWE,8
ZMB-ZWE,8
ZWE-ZAF,8
AFG-JPN,7
AFR-CUB,7
AFR-ITA,7
AFR-PRT,7
ARG-MEX,7
AUS-GBR,7
AUS-JAM,7
AUS-LBN,7
AUS-LKA,7
AUS-MWI,7
AUS-SDN,7
AUT-CHE,7
AUT-SVK,7
AUT-SWE,7
BEL-NLD,7
BEL-TCD,7
BFA-GHA,7
BGR-HUN,7
BGR-LBN,7
BHS-HTI,7
BRA-MCO,7
BRA-PER,7
BRB-GRD,7
CAN-CRI,7
CAN-DNK,7
CAN-JAM,7
CAN-LBN,7
CAN-SDN,7
CAN-SLV,7
CAN-TUN,7
CAN-TUR,7
CAN-VEN,7
CHE-EGY,7
CHE-THA,7
CHL-USA,7
CHN-AUS,7
COD-AGO,7
COD-SDN,7
COG-AFR,7
CUB-ERI,7
CUB-PAN,7
CUB-ZAF,7
CZE-AFG,7
DEU-MEX,7
DEU-TGO,7
DNK-AFG,7
DZA-IRN,7
EGY-FRA,7
ESP-BOL,7
ESP-ITA,7
ETH-MOZ,7
ETH-TZA,7
EUR-BEL,7
EUR-BOL,7
EUR-DZA,7
EUR-GMB,7
EUR-ITA,7
EUR-SWE,7
EUR-TZA,7
FIN-ETH,7
FJI-AUS,7
FRA-BEN,7
FRA-DJI,7
FRA-GHA,7
FRA-MAR,7
FRA-NZL,7
FRA-PAK,7
FRA-PGS,7
FRA-SAU,7
GBR-ARM,7
GBR-GRD,7
GBR-IDN,7
GBR-NOR,7
GBR-OMN,7
GHA-JPN,7
GHA-MOZ,7
GTM-MEX,7
GTM-NIC,7
HND-GTM,7
IRN-CHN,7
IRN-CYP,7
IRN-NAM,7
IRN-SDN,7
IRQ-KOR,7
ITA-CZE,7
ITA-IDN,7
JPN-ARE,7
JPN-BEL,7
JPN-CHE,7
JPN-CHL,7
JPN-DNK,7
JPN-HND,7
JPN-ITA,7
JPN-PGS,7
JPN-SEN,7
KEN-IRQ,7
KEN-NAM,7
KOR-NIC,7
KWT-IRN,7
KWT-RUS,7
LAO-CHN,7
LAO-RUS,7
LBN-DZA,7
LBN-SAU,7
LBY-GHA,7
LBY-SAU,7
LCA-GRD,7
MAR-LBY,7
MEX-CHL,7
MOZ-ZMB,7
MYS-PSE,7
NAM-GUY,7
NAM-USA,7
NGA-BEN,7
NGA-CPV,7
NGA-IRQ,7
NGA-JPN,7
NGA-ZAF,7
NIC-COL,7
NLD-AFG,7
NLD-CMR,7
NLD-PHL,7
NOR-CHN,7
NOR-EGY,7
NOR-LKA,7
NOR-PAK,7
NOR-SYC,7
PAK-NPL,7
PAN-VAT,7
PER-AFR,7
PER-IRN,7
PHL-ASA,7
POL-CZE,7
POL-ETH,7
POL-JPN,7
RUS-ALB,7
RUS-BLR,7
RUS-PSE,7
RUS-WST,7
SAU-GIN,7
SAU-SOM,7
SGP-KHM,7
SGP-NZL,7
SLV-ESP,7
SWE-LAO,7
TCD-USA,7
TGO-GHA,7
THA-AUS,7
TUR-GBR,7
TUR-ITA,7
TUR-SDN,7
TZA-BDI,7
TZA-RWA,7
TZA-ZMB,7
UGA-COD,7
UGA-LBY,7
UGA-USA,7
USA-CZE,7
USA-MCO,7
USA-MHL,7
USA-MRT,7
USA-MWI,7
USA-OMN,7
USA-SWE,7
USA-SWZ,7
USA-YEM,7
VCT-GRD,7
VEN-ARG,7
VEN-JAM,7
VNM-DEU,7
VNM-GBR,7
YEM-CUB,7
YEM-EGY,7
YEM-IRQ,7
ZMB-UGA,7
ZWE-MWI,7
AFG-TJK,6
AFR-COG,6
AFR-LBR,6
AFR-TGO,6
ARE-KWT,6
ARE-YEM,6
ARG-BRA,6
ARG-HND,6
ARM-FRA,6
AUS-BGD,6
AUS-CAN,6
AUS-COL,6
AUS-IRQ,6
AUS-LBY,6
AUS-MYS,6
AUS-SLB,6
AUS-VUT,6
AUT-CZE,6
AUT-HUN,6
AUT-NIC,6
BEL-AGO,6
BEL-ITA,6
BEL-UGA,6
BEL-WST,6
BFA-CAF,6
BGD-IRQ,6
BGD-NLD,6
BGD-USA,6
BGR-AUT,6
BGR-GRC,6
BGR-ITA,6
BGR-LBY,6
BGR-SYR,6
BRA-ARG,6
BRA-ITA,6
BRA-JPN,6
BRA-VEN,6
BRB-USA,6
BRN-VNM,6
CAN-EUR,6
CAN-ITA,6
CAN-MEX,6
CHE-FRA,6
CHE-GHA,6
CHE-ISR,6
CHE-NPL,6
CHE-RUS,6
CHE-TUR,6
CHN-AGO,6
CHN-BEL,6
CHN-CAN,6
CHN-EGY,6
CHN-PHL,6
CHN-TZA,6
CHN-UGA,6
CIV-AFR,6
CIV-FRA,6
CIV-TGO,6
COD-EGY,6
COL-FJI,6
COL-URY,6
CUB-ARG,6
CYP-IRN,6
CYP-KWT,6
CYP-USA,6
CZE-RUS,6
DEU-CMR,6
DEU-KHM,6
DEU-NGA,6
DEU-TUN,6
DNK-BGD,6
DNK-CAN,6
DNK-KEN,6
DNK-POL,6
DZA-FRA,6
DZA-TCD,6
EGY-CAN,6
ESP-AGO,6
ESP-FRA,6
ESP-GTM,6
ETH-GBR,6
EUR-CHE,6
EUR-COG,6
EUR-GHA,6
EUR-GRD,6
EUR-GUY,6
EUR-IRQ,6
EUR-PER,6
FIN-AFG,6
FIN-BGD,6
FJI-ITA,6
FJI-LBN,6
FJI-NZL,6
FJI-SWE,6
FJI-URY,6
FJI-USA,6
FRA-BOL,6
FRA-CHL,6
FRA-COG,6
FRA-LBR,6
FRA-MRT,6
FRA-PRT,6
GBR-COL,6
GBR-CZE,6
GBR-SLE,6
GBR-TUR,6
GHA-IRN,6
GHA-ITA,6
GHA-SWE,6
GRC-ISR,6
HUN-AFG,6
HUN-BGR,6
HUN-GBR,6
HUN-JPN,6
HUN-SWE,6
IDN-AFG,6
IDN-AFR,6
IDN-TMP,6
IND-BGD,6
IRL-IRN,6
IRL-ITA,6
IRL-RUS,6
ISR-AFG,6
ISR-KEN,6
ISR-MAR,6
ISR-SDN,6
ITA-ALB,6
ITA-CHL,6
ITA-NIC,6
ITA-NPL,6
ITA-SOM,6
ITA-UGA,6
ITA-VAT,6
JOR-JPN,6
JPN-BEN,6
JPN-EUR,6
JPN-OMN,6
JPN-PSE,6
KEN-AUT,6
KEN-EUR,6
KEN-IRN,6
KEN-JPN,6
KEN-SEN,6
KNA-USA,6
KWT-JOR,6
KWT-SEN,6
KWT-SOM,6
LBN-CHE,6
LBN-IRQ,6
LBN-NOR,6
LBY-MAR,6
LKA-DEU,6
LKA-GBR,6
MAC-CHN,6
MAR-LBN,6
MAR-MRT,6
MAR-USA,6
MCO-IRN,6
MEX-BRA,6
MMR-CHN,6
MOZ-GBR,6
MYS-AFG,6
MYS-KHM,6
NAM-CHL,6
NAM-NGA,6
NER-AFR,6
NGA-AGO,6
NGA-GIN,6
NGA-GNQ,6
NGA-IRN,6
NGA-SWE,6
NIC-DEU,6
NIC-MEX,6
NLD-BEL,6
NLD-DEU,6
NLD-IDN,6
NLD-ITA,6
NOR-CAN,6
NOR-CRI,6
NOR-ITA,6
NZL-USA,6
PAK-AFR,6
PER-ISR,6
PHL-LAO,6
POL-FIN,6
POL-VEN,6
PSE-YEM,6
RUS-CZE,6
RUS-LVA,6
RUS-SOM,6
SDN-JOR,6
SEN-MRT,6
SEN-SWE,6
SLV-CUB,6
SOM-PAK,6
SOM-SYR,6
SVK-POL,6
SWE-BWA,6
SWE-GNB,6
TCD-AFR,6
THA-MYS,6
TUN-IRN,6
TUN-PSE,6
TZA-GBR,6
UGA-MOZ,6
URY-FJI,6
USA-BGR,6
USA-BHR,6
USA-ERI,6
VEN-CUB,6
VNM-IDN,6
WAF-SEN,6
YEM-LBN,6
YEM-SAU,6
ZAF-MUS,6
ZWE-EUR,6
AFR-BEN,5
AFR-CAN,5
AFR-LBY,5
AFR-NOR,5
AGO-COD,5
AGO-NIC,5
ARG-EUR,5
ARG-FRA,5
ARG-ITA,5
ARG-POL,5
ARG-RUS,5
ASA-IDN,5
ASA-MYS,5
AUS-BRA,5
AUS-EGY,5
AUS-ERI,5
AUS-RUS,5
AUS-TUV,5
AUT-LBN,5
AUT-PSE,5
AUT-RUS,5
AUT-USA,5
BDI-AFR,5
BDI-RWA,5
BEL-AFR,5
BEL-CHE,5
BEL-USA,5
BEL-ZMB,5
BEN-NGA,5
BGR-ESP,5
BGR-POL,5
BLZ-NIC,5
BRA-FRA,5
BRA-GBR,5
BRB-TTO,5
BRB-VCT,5
BRN-CHE,5
BWA-MOZ,5
BWA-NAM,5
CAN-AGO,5
CAN-ARM,5
CAN-GRD,5
CAN-IRQ,5
CAN-KEN,5
CAN-NAM,5
CAN-NGA,5
CAN-NIC,5
CAN-PSE,5
CHE-AUT,5
CHE-POL,5
CHN-COL,5
CHN-MDG,5
CHN-MEX,5
CHN-MYS,5
CHN-YEM,5
CIV-GHA,5
CIV-LBR,5
CMR-SAU,5
COL-BOL,5
CUB-COL,5
CUB-DZA,5
CUB-LAO,5
CUB-PRK,5
CUB-PSE,5
CUB-SOM,5
CUB-UGA,5
CUB-VEN,5
CUB-YEM,5
CYP-GBR,5
DEU-BRA,5
DEU-BWA,5
DEU-CHE,5
DEU-GIN,5
DEU-IDN,5
DEU-LKA,5
DEU-MLI,5
DEU-NAM,5
DEU-PHL,5
DEU-ZMB,5
DJI-SDN,5
DOM-USA,5
EGY-MAR,5
ESP-ARG,5
ESP-PAN,5
ESP-SEN,5
ESP-SLV,5
ETH-CUB,5
ETH-ZWE,5
EUR-AUS,5
EUR-DJI,5
EUR-ISR,5
EUR-LKA,5
EUR-LSO,5
EUR-MDG,5
EUR-NER,5
FIN-CPV,5
FIN-EUR,5
FIN-ITA,5
FIN-KHM,5
FIN-NIC,5
FIN-TCD,5
FJI-FRA,5
FJI-ISR,5
FRA-ARG,5
FRA-CIV,5
FRA-NOR,5
FRA-PAN,5
FRA-SLV,5
FRA-SMR,5
FRA-TZA,5
GBR-DNK,5
GBR-GRC,5
GBR-IND,5
GBR-KNA,5
GBR-SAU,5
GBR-SWZ,5
GBR-VUT,5
GHA-NGA,5
GRC-CHN,5
GRC-LBN,5
GRD-RUS,5
HND-CRI,5
HUN-FIN,5
HUN-KOR,5
IDN-CHN,5
IDN-KHM,5
IDN-PHL,5
IRL-FRA,5
IRN-BHR,5
IRN-EUR,5
IRN-GRC,5
IRN-KWT,5
IRN-LKA,5
IRN-MAR,5
IRN-ZWE,5
IRQ-LBY,5
IRQ-PER,5
ISR-CHN,5
ITA-AGO,5
ITA-BEL,5
ITA-ESP,5
ITA-GTM,5
ITA-NAM,5
JOR-AUT,5
JOR-TCD,5
JPN-KWT,5
JPN-MWI,5
JPN-NZL,5
JPN-VEN,5
JPN-YEM,5
KEN-ETH,5
KHM-LAO,5
KWT-FRA,5
KWT-MRT,5
KWT-QAT,5
LAO-SEA,5
LBN-SWE,5
LBR-GHA,5
LBY-DEU,5
LTU-RUS,5
MAR-MLI,5
MEA-SYR,5
MEX-CRI,5
MEX-GBR,5
MEX-NMR,5
MEX-NOR,5
MEX-PAN,5
MLI-NLD,5
MOZ-PRT,5
MOZ-SWZ,5
MRT-SEN,5
MYS-CHN,5
MYS-IDN,5
MYS-JPN,5
NAM-ARG,5
NAM-NIC,5
NGA-GAB,5
NGA-LBR,5
NGA-UGA,5
NGA-USA,5
NIC-GTM,5
NLD-BGD,5
NLD-DNK,5
NLD-GBR,5
NLD-NOR,5
NLD-TUR,5
NOR-AFR,5
NOR-BGD,5
NOR-GBR,5
NOR-USA,5
NOR-ZWE,5
NPL-BGD,5
NPL-JPN,5
NPL-PAK,5
NPL-SAS,5
NZL-AFR,5
OMN-USA,5
PAK-DEU,5
PAK-IND,5
PAK-JPN,5
PAK-KEN,5
PAK-SAS,5
PER-ARG,5
PER-BOL,5
PER-CHL,5
PGS-PSE,5
PHL-ESP,5
PHL-IRQ,5
PHL-ITA,5
PHL-NLD,5
PNG-AUS,5
POL-AFG,5
POL-CHN,5
PRK-NIC,5
PRT-GRC,5
PRT-ISR,5
PRY-NIC,5
PSE-LBY,5
PSE-RUS,5
RUS-AZE,5
RUS-CAN,5
RUS-IND,5
RUS-LBR,5
RUS-NLD,5
RUS-PRK,5
RUS-UZB,5
RUS-YEM,5
SAS-LKA,5
SAS-PAK,5
SAU-MRT,5
SAU-NER,5
SAU-QAT,5
SAU-ZMB,5
SDN-JPN,5
SDN-SOM,5
SEA-PHL,5
SEA-USA,5
SGP-BRN,5
SLV-GTM,5
SOM-ITA,5
SOM-JPN,5
SVK-AFG,5
SVK-EUR,5
SVK-FIN,5
SWE-CAN,5
SWE-FIN,5
SWE-GBR,5
SWE-KHM,5
SYR-ARE,5
TGO-MOZ,5
TGO-TCD,5
THA-CAN,5
THA-FRA,5
THA-LKA,5
THA-MLI,5
TUN-DZA,5
TUN-EGY,5
TUR-AFR,5
TUR-ARM,5
TUR-JPN,5
TUR-SAU,5
UGA-ITA,5
UGA-ZAF,5
UKR-USA,5
URY-EGY,5
USA-ATG,5
USA-FIN,5
USA-PRY,5
USA-SAS,5
VAT-ITA,5
VEN-BRB,5
VEN-CHL,5
VEN-COL,5
VEN-CRI,5
VEN-FRA,5
VNM-NIC,5
VNM-NOR,5
WST-ITA,5
WST-NLD,5
WST-RUS,5
YEM-ARE,5
YEM-MEA,5
ZMB-NAM,5
ZWE-NAM,5
AFG-EUR,4
AFG-FRA,4
AFG-IND,4
AFR-ARG,4
AFR-AUT,4
AFR-BFA,4
AFR-CHN,4
AFR-CIV,4
AGO-MOZ,4
ALB-TUR,4
ARE-PSE,4
ARE-SYR,4
ARG-HTI,4
ARG-NIC,4
ARM-MDA,4
ASA-JPN,4
ASA-LKA,4
ATG-LBY,4
ATG-VCT,4
AUS-GHA,4
AUS-GRC,4
AUS-NGA,4
AUS-PNG,4
AUS-SAS,4
AUS-SYC,4
AUS-UGA,4
AUS-ZMB,4
AUT-BFA,4
AUT-CYP,4
AUT-ETH,4
AUT-GBR,4
AUT-IRN,4
AZE-MDA,4
BDI-FRA,4
BDI-UGA,4
BEL-CAN,4
BEL-CHN,4
BEL-CMR,4
BEL-DEU,4
BEL-EGY,4
BEL-RWA,4
BEL-TUN,4
BEL-TZA,4
BEN-AFR,4
BEN-GAB,4
BFA-MLI,4
BGD-AFR,4
BGD-IND,4
BGD-PHL,4
BGD-PSE,4
BGR-ALB,4
BGR-CUB,4
BGR-ETH,4
BGR-EUR,4
BGR-GHA,4
BGR-IRQ,4
BGR-TZA,4
BHR-SAU,4
BHR-SDN,4
BHR-USA,4
BHS-USA,4
BOL-JPN,4
BRA-AUT,4
BRA-EUR,4
BRA-MEX,4
BRA-SUR,4
BRB-GUY,4
BWA-DEU,4
CAF-AFR,4
CAF-DEU,4
CAN-CUB,4
CAN-EGY,4
CAN-JPN,4
CAN-NZL,4
CHE-BDI,4
CHE-EUR,4
CHE-MDG,4
CHE-NIC,4
CHE-SWE,4
CHE-UGA,4
CHE-ZMB,4
CHN-ATG,4
CHN-CMR,4
CHN-FRA,4
CHN-PSE,4
CHN-SOM,4
CHN-SWE,4
CHN-ZAF,4
CMR-SEN,4
COD-DEU,4
COD-FRA,4
COD-GAB,4
COD-GBR,4
COD-ISR,4
COD-RWA,4
COG-GNQ,4
COK-NZL,4
CRI-ESP,4
CRI-PER,4
CYP-ARM,4
CZE-EUR,4
DEU-AGO,4
DEU-ARG,4
DEU-BGR,4
DEU-ECU,4
DEU-GTM,4
DEU-HUN,4
DEU-IND,4
DEU-ISR,4
DEU-LSO,4
DEU-SAU,4
DNK-EUR,4
DNK-RUS,4
DOM-PAN,4
DZA-ETH,4
DZA-VNM,4
ECU-ARG,4
EGY-ARE,4
EGY-CHE,4
ESP-COL,4
ESP-DZA,4
ESP-ECU,4
ESP-IRN,4
ESP-PER,4
EST-RUS,4
ETH-FIN,4
ETH-ITA,4
ETH-LBN,4
ETH-YEM,4
EUR-BEN,4
EUR-BWA,4
EUR-IRN,4
EUR-JOR,4
EUR-KHM,4
EUR-MLI,4
EUR-PRT,4
EUR-SEN,4
EUR-TCD,4
EUR-THA,4
FIN-CMR,4
FIN-ISR,4
FIN-SOM,4
FIN-UGA,4
FJI-IRN,4
FJI-NPL,4
FJI-RUS,4
FRA-BRA,4
FRA-BRN,4
FRA-COL,4
FRA-CUB,4
FRA-CYP,4
FRA-ECU,4
FRA-FIN,4
FRA-KOR,4
FRA-NER,4
FRA-VAT,4
FRA-WST,4
GAB-ETH,4
GAB-FRA,4
GBR-COD,4
GBR-FJI,4
GBR-MCO,4
GBR-MDV,4
GBR-URY,4
GHA-BFA,4
GHA-GIN,4
GHA-NPL,4
GIN-FRA,4
GIN-GAB,4
GIN-GNB,4
GMB-SEN,4
GRC-PHL,4
GRC-VNM,4
GTM-BRA,4
GUY-TTO,4
HUN-ISR,4
HUN-KWT,4
HUN-MNG,4
HUN-NIC,4
IDN-GMB,4
IRL-NPL,4
IRN-ARG,4
IRN-AUT,4
IRN-DEU,4
IRN-GHA,4
IRN-OMN,4
IRN-PAK,4
IRN-TUN,4
IRQ-GBR,4
IRQ-GRC,4
IRQ-JPN,4
IRQ-SOM,4
ISR-CHE,4
ISR-GTM,4
ISR-MOZ,4
ISR-UKR,4
ITA-AUT,4
ITA-BWA,4
ITA-CRI,4
ITA-IRQ,4
ITA-NLD,4
ITA-PAN,4
ITA-PER,4
ITA-PGS,4
ITA-SEN,4
ITA-SWE,4
ITA-URY,4
JAM-CAN,4
JOR-FRA,4
JOR-GBR,4
JOR-KWT,4
JOR-LBY,4
JOR-SOM,4
JOR-YEM,4
JPN-BRB,4
JPN-BRN,4
JPN-CRI,4
JPN-DOM,4
JPN-JOR,4
JPN-NLD,4
JPN-SLE,4
JPN-TTO,4
KAZ-UKR,4
KEN-COD,4
KEN-FIN,4
KEN-FRA,4
KEN-ITA,4
KGZ-ARM,4
KHM-CUB,4
KOR-PSE,4
KWT-ARE,4
KWT-GHA,4
KWT-ISR,4
KWT-LBY,4
KWT-NER,4
LBN-CYP,4
LBN-KWT,4
LBN-NGA,4
LBN-NLD,4
LBN-NPL,4
LBN-PER,4
LBN-SDN,4
LBN-SEN,4
LBY-DMA,4
LBY-DZA,4
LBY-JPN,4
LBY-MRT,4
LBY-THA,4
LBY-TUR,4
LBY-ZWE,4
LKA-ASA,4
LKA-CAN,4
LKA-SAS,4
LUX-MUS,4
LVA-RUS,4
MAR-BEL,4
MAR-ESP,4
MAR-FRA,4
MAR-JPN,4
MAR-KWT,4
MAR-PSE,4
MCO-CHE,4
MDV-SAU,4
MEX-COL,4
MLI-MRT,4
MLI-NER,4
MOZ-FRA,4
MOZ-ITA,4
MOZ-LSO,4
MOZ-USA,4
MRT-CHN,4
MYS-IRQ,4
MYS-JOR,4
MYS-KEN,4
MYS-SDN,4
MYS-SEA,4
NAM-CRI,4
NAM-PAN,4
NGA-IRL,4
NGA-MAR,4
NGA-NER,4
NGA-TGO,4
NIC-ESP,4
NIC-FIN,4
NIC-KHM,4
NLD-CHE,4
NLD-COL,4
NLD-IRL,4
NLD-RUS,4
NLD-SEN,4
NOR-AFG,4
NOR-BRN,4
NOR-DEU,4
NOR-IRN,4
NOR-MEX,4
NOR-NPL,4
NOR-POL,4
NPL-AFG,4
NPL-CHN,4
NPL-IRN,4
NPL-ITA,4
NZL-GBR,4
NZL-VNM,4
NZL-VUT,4
OMN-BRN,4
OMN-IRN,4
OMN-TZA,4
OMN-YEM,4
PAK-GNB,4
PAK-MMR,4
PAN-COL,4
PER-PHL,4
PGS-USA,4
PHL-EUR,4
PHL-ISR,4
POL-PAN,4
PRT-JPN,4
PRT-NGA,4
PRY-CHL,4
PSE-CYP,4
PSE-DEU,4
PSE-POL,4
PSE-SAU,4
QAT-USA,4
RUS-BRA,4
RUS-CPV,4
RUS-CYP,4
RUS-DZA,4
RUS-JOR,4
RUS-KAZ,4
RUS-KWT,4
RUS-LTU,4
RUS-MDA,4
RUS-NAM,4
RUS-SAU,4
RUS-ZMB,4
RWA-CAF,4
RWA-USA,4
SAU-KEN,4
SAU-LKA,4
SAU-PGS,4
SAU-RUS,4
SAU-TZA,4
SDN-DJI,4
SDN-DZA,4
SEA-JPN,4
SEN-GAB,4
SEN-IRL,4
SEN-ITA,4
SEN-SAU,4
SOM-FRA,4
SVK-AUT,4
SVK-VNM,4
SWE-ARG,4
SWE-BGD,4
SWE-NPL,4
SWE-TUR,4
SWZ-AFR,4
SYR-CHE,4
SYR-EUR,4
SYR-PAK,4
SYR-SDN,4
SYR-TUN,4
TGO-GAB,4
TGO-GIN,4
THA-AFR,4
THA-GMB,4
TUR-ALB,4
TUR-CAN,4
TUR-NLD,4
URY-PER,4
URY-PRY,4
URY-VEN,4
USA-CMR,4
USA-DMA,4
USA-FSM,4
USA-MDA,4
USA-NMR,4
USA-SGP,4
USA-TJK,4
UZB-ARM,4
UZB-RUS,4
UZB-USA,4
VAT-PSE,4
VEN-BHS,4
VNM-CHE,4
WST-BEL,4
WST-FRA,4
WST-GRC,4
WST-NIC,4
YEM-SYR,4
ZAF-CHE,4
ZAF-LSO,4
ZMB-CAN,4
ZMB-CHN,4
ZMB-ETH,4
ZMB-GBR,4
ZMB-USA,4
ZWE-RUS,4
AFG-AGO,3
AFG-EGY,3
AFG-GBR,3
AFG-POL,3
AFG-TKM,3
AFR-AUS,3
AFR-CAF,3
AFR-CMR,3
AFR-DJI,3
AFR-GIN,3
AFR-JPN,3
AFR-MAR,3
AFR-MLI,3
AFR-RUS,3
AFR-TTO,3
AGO-GNB,3
ARE-AFR,3
ARE-OMN,3
ARE-SEN,3
ARE-USA,3
ARG-AGO,3
ARG-CAN,3
ARG-CHN,3
ARG-COL,3
ARG-JPN,3
ARG-PHL,3
ARG-PRY,3
ARM-CYP,3
ARM-TUR,3
ASA-CHE,3
ASA-MMR,3
ASA-PNG,3
ATG-GRD,3
ATG-GUY,3
AUS-KEN,3
AUS-SLV,3
AUS-TZA,3
AUT-AFG,3
AUT-BEL,3
AUT-BRA,3
AUT-ESP,3
AUT-ISR,3
AUT-JPN,3
AUT-PAK,3
AZE-RUS,3
AZE-USA,3
AZE-UZB,3
BEL-BGD,3
BEL-CYP,3
BEN-GNB,3
BGD-FIN,3
BGD-NAM,3
BGD-THA,3
BGR-JPN,3
BGR-USA,3
BHR-EGY,3
BHR-IRN,3
BHS-CUB,3
BLR-RUS,3
BLR-VNM,3
BLZ-AFG,3
BOL-MEX,3
BRA-CUB,3
BRA-DOM,3
BRA-LBY,3
BRA-RUS,3
BRA-SLV,3
BTN-MDV,3
BWA-LSO,3
BWA-ZAF,3
CAN-AUS,3
CAN-BWA,3
CAN-CYP,3
CAN-HUN,3
CAN-IRL,3
CAN-ISR,3
CAN-MLI,3
CAN-NER,3
CAN-ZAF,3
CHE-ARG,3
CHE-BEL,3
CHE-BOL,3
CHE-GBR,3
CHE-MEX,3
CHE-NLD,3
CHE-NOR,3
CHE-RWA,3
CHE-SAU,3
CHE-SVK,3
CHE-TZA,3
CHL-BOL,3
CHL-CUB,3
CHL-GBR,3
CHL-HND,3
CHL-IRQ,3
CHL-PRY,3
CHL-VEN,3
CHN-EUR,3
CHN-GHA,3
CHN-GIN,3
CHN-GMB,3
CHN-HND,3
CHN-IDN,3
CHN-IND,3
CHN-ITA,3
CHN-KWT,3
CHN-LIE,3
CHN-MNG,3
CHN-NER,3
CHN-NPL,3
CHN-NZL,3
CHN-PRT,3
CHN-TTO,3
CHN-TUN,3
CHN-ZWE,3
CIV-KEN,3
CIV-ZMB,3
CMR-GNQ,3
CMR-JPN,3
COD-NGA,3
COD-SEN,3
COG-TCD,3
COL-ESP,3
COL-MEX,3
COM-LSO,3
CPV-LSO,3
CRB-GRD,3
CRI-NOR,3
CRI-PAN,3
CRI-VEN,3
CUB-BRA,3
CUB-CHL,3
CUB-COD,3
CUB-CRI,3
CUB-GNB,3
CUB-GUY,3
CUB-ITA,3
CUB-MEX,3
CZE-BGR,3
CZE-CHE,3
CZE-IRQ,3
DEU-BDI,3
DEU-BOL,3
DEU-COL,3
DEU-CUB,3
DEU-FIN,3
DEU-IRQ,3
DEU-KWT,3
DEU-MAR,3
DEU-MDG,3
DEU-MRT,3
DEU-PRT,3
DEU-SEN,3
DJI-LSO,3
DMA-VCT,3
DNK-CHE,3
DNK-GNB,3
DNK-LBN,3
DNK-MOZ,3
DNK-NAM,3
DNK-NLD,3
DZA-LBY,3
DZA-MAR,3
DZA-SYR,3
DZA-ZWE,3
ECU-CHL,3
ECU-MEX,3
EGY-BGD,3
EGY-ITA,3
EGY-KEN,3
EGY-PGS,3
EGY-RWA,3
EGY-TUR,3
EGY-YEM,3
ERI-SDN,3
ESP-AFR,3
ESP-CHE,3
ESP-JPN,3
ESP-LBY,3
ESP-NLD,3
ESP-RUS,3
EST-USA,3
ETH-AUT,3
ETH-KEN,3
ETH-SAU,3
ETH-UGA,3
EUR-ARG,3
EUR-BDI,3
EUR-CHL,3
EUR-CMR,3
EUR-COD,3
EUR-COL,3
EUR-ECU,3
EUR-FIN,3
EUR-HUN,3
EUR-IND,3
EUR-JAM,3
EUR-MEX,3
EUR-NOR,3
EUR-PAK,3
EUR-SVK,3
EUR-SYR,3
EUR-TUN,3
EUR-VEN,3
FIN-CYP,3
FIN-DEU,3
FIN-GBR,3
FIN-IDN,3
FIN-NOR,3
FIN-TUR,3
FIN-UKR,3
FJI-NOR,3
FJI-ZWE,3
FRA-AUS,3
FRA-BGR,3
FRA-COM,3
FRA-CPV,3
FRA-IND,3
FRA-KWT,3
FRA-LAO,3
FRA-LKA,3
FRA-SUR,3
FRA-SYC,3
FRA-THA,3
FRA-ZWE,3
FSM-VNM,3
GBR-BWA,3
GBR-CYP,3
GBR-ECU,3
GBR-GUY,3
GBR-KHM,3
GBR-NAM,3
GBR-VEN,3
GHA-CMR,3
GHA-COG,3
GHA-EUR,3
GHA-FRA,3
GHA-GBR,3
GHA-NOR,3
GHA-PHL,3
GIN-NAM,3
GMB-SAU,3
GNB-LSO,3
GNB-PRT,3
GRC-ALB,3
GRC-LBY,3
GRC-POL,3
GRC-SEN,3
GRD-HND,3
GTM-CRI,3
GUY-JAM,3
GUY-PRK,3
HND-CUB,3
HND-FRA,3
HRV-RUS,3
HTI-CUB,3
HTI-FRA,3
HTI-LBR,3
HUN-AGO,3
HUN-CHN,3
HUN-COL,3
HUN-KHM,3
HUN-PRT,3
HUN-SVK,3
IDN-MDV,3
IDN-NGA,3
IDN-NLD,3
IDN-PAK,3
IND-JPN,3
IND-NPL,3
IND-VNM,3
IND-ZWE,3
IRL-CYP,3
IRL-NOR,3
IRN-LAO,3
IRN-MOZ,3
IRN-PAN,3
IRN-UZB,3
IRQ-AFR,3
IRQ-PRT,3
IRQ-TUN,3
ISL-CYP,3
ISL-ESP,3
ISR-ARM,3
ISR-BEL,3
ISR-BRA,3
ISR-ESP,3
ISR-HND,3
ISR-LBR,3
ISR-LKA,3
ISR-THA,3
ITA-BRN,3
ITA-DNK,3
ITA-ERI,3
ITA-JPN,3
ITA-KHM,3
ITA-MEX,3
ITA-PAK,3
ITA-PRT,3
ITA-RWA,3
ITA-SYR,3
ITA-TCD,3
ITA-THA,3
ITA-VEN,3
JAM-BRB,3
JAM-VCT,3
JOR-ARE,3
JOR-MAR,3
JOR-NAM,3
JOR-PAK,3
JPN-ARM,3
JPN-AUT,3
JPN-BWA,3
JPN-CYP,3
JPN-GIN,3
JPN-GUY,3
JPN-IND,3
JPN-SAU,3
JPN-SGP,3
JPN-SVK,3
JPN-SYR,3
JPN-WST,3
KAZ-RUS,3
KEN-AGO,3
KEN-AUS,3
KEN-NGA,3
KEN-NLD,3
KEN-NZL,3
KEN-PAK,3
KNA-GRD,3
KNA-GUY,3
KOR-CAN,3
KOR-FRA,3
KOR-HTI,3
KOR-PHL,3
KWT-CHN,3
KWT-CYP,3
KWT-HUN,3
KWT-MAR,3
KWT-MLI,3
KWT-MYS,3
KWT-OMN,3
KWT-PAK,3
KWT-ZWE,3
LBN-DEU,3
LBN-EGY,3
LBN-EUR,3
LBN-FJI,3
LBN-GRD,3
LBR-EUR,3
LBR-GRC,3
LBR-VNM,3
LBY-BFA,3
LBY-COD,3
LBY-EUR,3
LBY-GMB,3
LBY-GTM,3
LBY-IRL,3
LBY-JOR,3
LBY-KEN,3
LBY-SOM,3
LBY-VEN,3
LCA-VCT,3
LIE-CYP,3
LKA-MMR,3
LKA-NPL,3
LSO-IRQ,3
LTU-EUR,3
LTU-LVA,3
LUX-AFR,3
LUX-CYP,3
LUX-GBR,3
LVA-DEU,3
MAR-GIN,3
MAR-GRC,3
MAR-SAU,3
MCO-CYP,3
MCO-DEU,3
MCO-SLV,3
MDG-AFR,3
MDG-FRA,3
MDV-AFG,3
MEA-PSE,3
MEX-BHS,3
MEX-BRB,3
MEX-CAN,3
MEX-CHN,3
MEX-CUB,3
MEX-DOM,3
MEX-ECU,3
MEX-FRA,3
MEX-IRN,3
MEX-IRQ,3
MEX-JAM,3
MEX-RUS,3
MLI-MAR,3
MLI-ZMB,3
MLT-CYP,3
MMR-JPN,3
MMR-MYS,3
MMR-USA,3
MNG-CHN,3
MNG-CUB,3
MNG-RUS,3
MOZ-CHN,3
MOZ-EUR,3
MOZ-NOR,3
MOZ-RUS,3
MRT-ARE,3
MUS-GBR,3
MUS-MAR,3
MWI-AUS,3
MYS-IRN,3
MYS-ISR,3
MYS-PAK,3
MYS-PHL,3
MYS-SAS,3
NAM-BRA,3
NAM-ZMB,3
NGA-ARG,3
NGA-ITA,3
NGA-NOR,3
NGA-ZMB,3
NIC-BRA,3
NIC-DOM,3
NIC-FRA,3
NIC-NZL,3
NIC-POL,3
NIC-SWE,3
NIC-TZA,3
NLD-AUS,3
NLD-PAK,3
NLD-WST,3
NOR-CHE,3
NOR-ESP,3
NOR-ETH,3
NOR-FRA,3
NOR-IRL,3
NOR-JPN,3
NOR-KOR,3
NOR-ZAF,3
NPL-IRL,3
NPL-MMR,3
NPL-SGP,3
NRU-AUS,3
NZL-EGY,3
NZL-ITA,3
NZL-ZWE,3
OMN-EGY,3
OMN-ISR,3
OMN-KEN,3
OMN-PGS,3
PAK-CHE,3
PAK-DJI,3
PAK-EUR,3
PAK-GIN,3
PAK-ISR,3
PAK-SDN,3
PAK-SGP,3
PAK-VNM,3
PAK-ZWE,3
PAN-ECU,3
PAN-GBR,3
PAN-JAM,3
PAN-JPN,3
PAN-SLV,3
PER-ESP,3
PER-IRQ,3
PER-ITA,3
PER-MEX,3
PER-THA,3
PGS-BHR,3
PGS-GBR,3
PGS-IRN,3
PGS-QAT,3
PHL-BGD,3
PHL-CRI,3
PHL-FRA,3
PHL-GBR,3
PHL-IDN,3
PLW-AFR,3
POL-ALB,3
POL-CAN,3
POL-IRQ,3
POL-ITA,3
POL-LBN,3
POL-PRK,3
POL-TUR,3
POL-VAT,3
POL-VNM,3
PRK-AFG,3
PRT-CUB,3
PRT-CYP,3
PRT-DZA,3
PRT-VNM,3
PRY-HND,3
PSE-ZWE,3
QAT-ARE,3
QAT-KWT,3
QAT-YEM,3
RUS-AUS,3
RUS-COL,3
RUS-GAB,3
RUS-GMB,3
RUS-GRC,3
RUS-GUY,3
RUS-HND,3
RUS-KGZ,3
RUS-MAR,3
RUS-MDG,3
RUS-MEX,3
RUS-MMR,3
RUS-PER,3
RUS-SDN,3
RUS-VAT,3
RUS-ZWE,3
RWA-LBR,3
SAS-AFG,3
SAU-CHN,3
SAU-GRC,3
SAU-MYS,3
SAU-NGA,3
SAU-TGO,3
SDN-AFG,3
SDN-CUB,3
SDN-EUR,3
SDN-NLD,3
SDN-RUS,3
SDN-SEN,3
SEA-SGP,3
SEN-NOR,3
SEN-TCD,3
SEN-TZA,3
SGP-AUS,3
SGP-THA,3
SLE-LBR,3
SLV-DEU,3
SMR-CYP,3
SOM-IRQ,3
SOM-SDN,3
STP-LSO,3
SUR-NLD,3
SWE-BGR,3
SWE-CHE,3
SWE-CRI,3
SWE-CYP,3
SWE-ESP,3
SWE-ITA,3
SWE-JOR,3
SWE-JPN,3
SWZ-GBR,3
SYC-LSO,3
SYR-GRC,3
TCD-CAF,3
TCD-CMR,3
TCD-GNQ,3
TGO-AFR,3
TGO-EUR,3
TGO-LBY,3
THA-IDN,3
THA-ISR,3
THA-ITA,3
TJK-UZB,3
TTO-VCT,3
TUN-KWT,3
TUN-PRT,3
TUN-SAU,3
TUR-EGY,3
TUR-FRA,3
TUR-LBN,3
TUR-LBY,3
TUR-SOM,3
TZA-DEU,3
TZA-EUR,3
TZA-FRA,3
TZA-GNB,3
TZA-LBY,3
UGA-AFR,3
UGA-AUS,3
UKR-VNM,3
URY-BRA,3
URY-USA,3
USA-BMU,3
USA-CYM,3
USA-MLI,3
USA-SVK,3
UZB-TJK,3
VAT-ARM,3
VAT-CHL,3
VAT-CYP,3
VAT-DEU,3
VAT-FRA,3
VEN-BRA,3
VEN-CHE,3
VEN-DMA,3
VEN-GTM,3
VEN-GUY,3
VEN-HND,3
VEN-KOR,3
VEN-PER,3
VNM-BGR,3
VNM-PER,3
VNM-SGP,3
WAF-AFR,3
WST-DNK,3
WST-ESP,3
YEM-KWT,3
YEM-SDN,3
ZAF-ARG,3
ZAF-CAN,3
ZAF-NGA,3
ZAF-RUS,3
ZAF-SOM,3
ZMB-BWA,3
ZMB-LSO,3
ZMB-MAR,3
ZMB-MWI,3
ZMB-ZAF,3
ZWE-FRA,3
ZWE-KEN,3
ABW-VEN,2
AFG-CZE,2
AFG-ISR,2
AFG-KHM,2
AFG-KOR,2
AFG-MAR,2
AFG-NIC,2
AFG-SVK,2
AFG-SWE,2
AFG-UKR,2
AFG-YEM,2
AFR-ARE,2
AFR-BDI,2
AFR-CHE,2
AFR-COM,2
AFR-CPV,2
AFR-DZA,2
AFR-GNB,2
AFR-HTI,2
AFR-IRN,2
AFR-KWT,2
AFR-MUS,2
AFR-NER,2
AFR-POL,2
AFR-SAU,2
AFR-SWE,2
AFR-TUN,2
AFR-VNM,2
AFR-YEM,2
AGO-BRA,2
AGO-CIV,2
AGO-NGA,2
AGO-STP,2
AGO-ZWE,2
AIA-GBR,2
ALB-GRC,2
ARE-DNK,2
ARE-GBR,2
ARE-LBN,2
ARE-PAK,2
ARE-SYC,2
ARE-TZA,2
ARG-ARM,2
ARG-DEU,2
ARG-GTM,2
ARG-KOR,2
ARG-PAN,2
ARG-URY,2
ARM-ETH,2
ARM-GBR,2
ARM-GRC,2
ARM-KGZ,2
ARM-PSE,2
ARM-TJK,2
ARM-TKM,2
ARM-UZB,2
ASA-FJI,2
ASA-USA,2
AUS-ARG,2
AUS-BWA,2
AUS-CYP,2
AUS-KOR,2
AUS-TON,2
AUS-URY,2
AUS-ZAF,2
AUT-AFR,2
AUT-AGO,2
AUT-ARM,2
AUT-BGR,2
AUT-BTN,2
AUT-FRA,2
AUT-KEN,2
AUT-MOZ,2
AUT-PRY,2
AUT-TUR,2
AZE-KGZ,2
AZE-TJK,2
AZE-TKM,2
BDI-EUR,2
BEL-JPN,2
BEL-MAR,2
BEL-PHL,2
BEL-POL,2
BEL-UKR,2
BEL-VNM,2
BFA-EUR,2
BGD-DNK,2
BGD-EUR,2
BGD-IRN,2
BGD-ITA,2
BGD-ZAF,2
BGD-ZWE,2
BGR-AFG,2
BGR-AFR,2
BGR-AGO,2
BGR-ARM,2
BGR-BHR,2
BGR-DEU,2
BGR-GIN,2
BGR-ISR,2
BGR-LBR,2
BGR-MKD,2
BGR-MNG,2
BGR-NGA,2
BGR-SVK,2
BGR-VNM,2
BGR-ZWE,2
BHR-IRQ,2
BHR-SWE,2
BHR-TCD,2
BHR-TUR,2
BHS-DNK,2
BLR-AGO,2
BLZ-GRC,2
BLZ-RUS,2
BLZ-SAU,2
BLZ-WST,2
BMU-DEU,2
BMU-USA,2
BMU-ZWE,2
BOL-FRA,2
BOL-GBR,2
BOL-URY,2
BRA-AGO,2
BRA-CHE,2
BRA-CHL,2
BRA-CIV,2
BRA-COL,2
BRA-GHA,2
BRA-GUY,2
BRA-HND,2
BRA-IRN,2
BRA-ISR,2
BRA-LBN,2
BRA-MAR,2
BRA-NGA,2
BRA-PSE,2
BRB-GBR,2
BRB-JAM,2
BRN-CHN,2
BRN-PHL,2
BTN-BGD,2
BTN-FRA,2
BWA-AGO,2
BWA-SWZ,2
BWA-ZMB,2
CAF-GNQ,2
CAN-BEL,2
CAN-BHS,2
CAN-BRB,2
CAN-CHE,2
CAN-DZA,2
CAN-FJI,2
CAN-MCO,2
CAN-NMR,2
CAN-NOR,2
CAN-PAN,2
CAN-SYC,2
CAN-URY,2
CAN-VCT,2
CAN-WAF,2
CHE-DNK,2
CHE-GAB,2
CHE-KHM,2
CHE-LAO,2
CHE-LBN,2
CHE-PAK,2
CHE-PER,2
CHE-SEA,2
CHE-SEN,2
CHL-ARG,2
CHL-BEL,2
CHL-COD,2
CHL-FRA,2
CHL-KEN,2
CHL-NGA,2
CHL-POL,2
CHN-BDI,2
CHN-BGR,2
CHN-BRA,2
CHN-CHE,2
CHN-COD,2
CHN-COG,2
CHN-ESP,2
CHN-GRC,2
CHN-GRD,2
CHN-HUN,2
CHN-KEN,2
CHN-MAR,2
CHN-MLT,2
CHN-MRT,2
CHN-NAM,2
CHN-NIC,2
CHN-OMN,2
CHN-PGS,2
CHN-POL,2
CHN-SAU,2
CHN-SEN,2
CHN-SGP,2
CIV-BEL,2
CIV-GIN,2
CMR-AFR,2
CMR-DEU,2
CMR-ESP,2
COD-CAF,2
COD-CIV,2
COD-IND,2
COD-JPN,2
COD-TGO,2
COD-USA,2
COG-CIV,2
COG-DEU,2
COK-PHL,2
COL-ARG,2
COL-CAN,2
COL-CRI,2
COL-ECU,2
COL-EGY,2
COL-GBR,2
COL-ISR,2
COL-ITA,2
CPV-BRA,2
CPV-NAM,2
CRI-ATG,2
CRI-PHL,2
CRI-SLV,2
CUB-ALB,2
CUB-ARM,2
CUB-BGR,2
CUB-HND,2
CUB-ISR,2
CUB-PRT,2
CUB-SUR,2
CUB-ZMB,2
CYP-BGR,2
CYP-IRQ,2
CZE-CHN,2
CZE-KHM,2
CZE-MLI,2
CZE-NIC,2
CZE-PSE,2
DEU-AUS,2
DEU-BFA,2
DEU-CHL,2
DEU-COD,2
DEU-GRC,2
DEU-ISL,2
DEU-PGS,2
DEU-RWA,2
DEU-SLE,2
DEU-SWZ,2
DEU-THA,2
DEU-VAT,2
DMA-BRB,2
DMA-EUR,2
DMA-USA,2
DNK-BOL,2
DNK-IRN,2
DNK-ISL,2
DNK-ITA,2
DNK-NIC,2
DNK-PAK,2
DNK-SEN,2
DNK-UGA,2
DOM-COL,2
DOM-FRA,2
DOM-ITA,2
DOM-VEN,2
DZA-ARE,2
DZA-ESP,2
DZA-EUR,2
DZA-GRC,2
DZA-JOR,2
DZA-LBN,2
DZA-MLT,2
DZA-MOZ,2
DZA-PRT,2
DZA-SAU,2
DZA-SEN,2
ECU-BEN,2
ECU-ISR,2
ECU-PAN,2
ECU-PER,2
ECU-USA,2
EGY-ERI,2
EGY-JPN,2
EGY-MWI,2
EGY-TUN,2
EGY-ZAF,2
ERI-ITA,2
ERI-USA,2
ESP-BEL,2
ESP-BGR,2
ESP-CHN,2
ESP-CIV,2
ESP-GNQ,2
ESP-GRC,2
ESP-MRT,2
ESP-POL,2
ESP-PRT,2
ESP-SDN,2
EST-LTU,2
EST-LVA,2
EST-SWE,2
ETH-AFG,2
ETH-AGO,2
ETH-BGR,2
ETH-CHE,2
ETH-CHN,2
ETH-LBY,2
ETH-MWI,2
ETH-POL,2
ETH-ZMB,2
EUR-BRA,2
EUR-CAN,2
EUR-CHN,2
EUR-HTI,2
EUR-IRL,2
EUR-LBY,2
EUR-MWI,2
EUR-PHL,2
EUR-SLV,2
EUR-SWZ,2
EUR-ZAF,2
FIN-ARM,2
FIN-CAN,2
FIN-ESP,2
FIN-FRA,2
FIN-MYS,2
FIN-ZAF,2
FJI-EGY,2
FRA-CRI,2
FRA-GAB,2
FRA-GMB,2
FRA-GNB,2
FRA-GNQ,2
FRA-GRC,2
FRA-GRD,2
FRA-MLI,2
FRA-MUS,2
FRA-URY,2
FRA-VUT,2
FRA-YEM,2
FRA-ZAF,2
FSM-FIN,2
FSM-IRQ,2
GAB-BEL,2
GAB-CIV,2
GAB-GNQ,2
GAB-NIC,2
GAB-TGO,2
GBR-ARE,2
GBR-BGR,2
GBR-BRB,2
GBR-CRI,2
GBR-GIN,2
GBR-GMB,2
GBR-JAM,2
GBR-LSO,2
GBR-MLI,2
GBR-MYS,2
GBR-SVK,2
GBR-SYR,2
GBR-TCD,2
GEO-AFG,2
GHA-EGY,2
GHA-LBR,2
GHA-SEN,2
GHA-ZAF,2
GIN-DEU,2
GMB-AFR,2
GMB-CAN,2
GNB-FRA,2
GNB-GIN,2
GNB-MRT,2
GNQ-TCD,2
GRC-DEU,2
GRC-DZA,2
GRC-EGY,2
GRC-ITA,2
GRC-JOR,2
GRC-RUS,2
GRC-SWE,2
GRD-BRB,2
GRD-DOM,2
GRD-GUY,2
GRD-LBY,2
GRD-NAM,2
GRD-TTO,2
GRD-VEN,2
GTM-CHE,2
GTM-CUB,2
GTM-ESP,2
GTM-PAN,2
GUY-JPN,2
GUY-MEA,2
HND-CHL,2
HND-DOM,2
HND-ISR,2
HTI-ARG,2
HTI-CHE,2
HTI-DEU,2
HTI-VEN,2
HUN-CUB,2
HUN-ESP,2
HUN-MLI,2
HUN-TUR,2
HUN-VNM,2
IDN-ARE,2
IDN-COD,2
IDN-LAO,2
IDN-LBN,2
IDN-PRT,2
IDN-SEN,2
IDN-SUR,2
IDN-TUR,2
IND-EGY,2
IND-FRA,2
IND-GBR,2
IND-IRN,2
IRL-AFR,2
IRL-AUS,2
IRL-ESP,2
IRN-AFR,2
IRN-AZE,2
IRN-BGR,2
IRN-BRN,2
IRN-CAN,2
IRN-HND,2
IRN-HUN,2
IRN-KOR,2
IRN-LBR,2
IRN-MEX,2
IRN-PRK,2
IRN-VNM,2
IRN-YEM,2
IRQ-ARE,2
IRQ-ARG,2
IRQ-AZE,2
IRQ-DZA,2
IRQ-MAR,2
IRQ-MRT,2
IRQ-POL,2
IRQ-UGA,2
IRQ-YEM,2
ISR-AGO,2
ISR-ARG,2
ISR-AUS,2
ISR-BHR,2
ISR-CMR,2
ISR-FIN,2
ISR-HUN,2
ISR-KHM,2
ISR-MCO,2
ISR-NGA,2
ISR-PAK,2
ISR-PHL,2
ISR-URY,2
ISR-ZAF,2
ITA-BGD,2
ITA-COL,2
ITA-DOM,2
ITA-GAB,2
ITA-HTI,2
ITA-LUX,2
ITA-MAR,2
ITA-MDG,2
ITA-MYS,2
ITA-NER,2
ITA-ZWE,2
JAM-AFR,2
JAM-HTI,2
JAM-SDN,2
JOR-AFG,2
JOR-BGR,2
JOR-CHN,2
JOR-RUS,2
JOR-TUR,2
JPN-ASA,2
JPN-BDI,2
JPN-CIV,2
JPN-ESP,2
JPN-GMB,2
JPN-GTM,2
JPN-ISR,2
JPN-MRT,2
JPN-PRY,2
JPN-RWA,2
JPN-SLB,2
JPN-ZAF,2
KAZ-TUR,2
KEN-BEN,2
KEN-DEU,2
KEN-DZA,2
KEN-GIN,2
KEN-LBY,2
KEN-MWI,2
KEN-TGO,2
KEN-WST,2
KGZ-AZE,2
KGZ-MDA,2
KGZ-RUS,2
KGZ-USA,2
KHM-AGO,2
KHM-CZE,2
KHM-FRA,2
KHM-GBR,2
KHM-IDN,2
KHM-MMR,2
KHM-PSE,2
KNA-YEM,2
KOR-AFG,2
KOR-AFR,2
KOR-GHA,2
KOR-GRD,2
KOR-IDN,2
KOR-LBY,2
KOR-RUS,2
KOR-TZA,2
KWT-AGO,2
KWT-BGD,2
KWT-BTN,2
KWT-GIN,2
KWT-MLT,2
KWT-MOZ,2
KWT-UGA,2
LAO-JPN,2
LBN-AUS,2
LBN-FIN,2
LBN-MLT,2
LBN-NIC,2
LBN-PRT,2
LBN-TUN,2
LBN-UKR,2
LBN-YEM,2
LBR-CHN,2
LBR-CIV,2
LBR-ETH,2
LBR-ISR,2
LBR-JPN,2
LBY-AGO,2
LBY-BEN,2
LBY-BGD,2
LBY-BRA,2
LBY-GAB,2
LBY-GNB,2
LBY-GRC,2
LBY-GRD,2
LBY-MEA,2
LBY-MLT,2
LBY-NAM,2
LBY-PAK,2
LBY-POL,2
LBY-PRK,2
LBY-TZA,2
LBY-YEM,2
LCA-AFR,2
LCA-BRB,2
LKA-CHN,2
LKA-DNK,2
LKA-GRC,2
LKA-LBN,2
LKA-MYS,2
LSO-MOZ,2
LTU-UKR,2
LTU-USA,2
LVA-LTU,2
LVA-MDA,2
LVA-SWE,2
MAC-VNM,2
MAR-ISR,2
MAR-PRT,2
MCO-JAM,2
MCO-NIC,2
MDG-JPN,2
MDG-NER,2
MDG-RUS,2
MDV-GBR,2
MEA-AFG,2
MEA-IRQ,2
MEA-ISR,2
MEA-SAU,2
MEA-USA,2
MEX-AFR,2
MEX-ARM,2
MEX-CHE,2
MEX-DMA,2
MEX-HTI,2
MEX-ITA,2
MEX-KEN,2
MEX-TZA,2
MLI-BFA,2
MLI-FJI,2
MMR-AFR,2
MMR-ASA,2
MMR-IDN,2
MNG-KHM,2
MNG-LAO,2
MNG-USA,2
MNG-VNM,2
MOZ-AGO,2
MOZ-BRA,2
MOZ-SVK,2
MOZ-SWE,2
MRT-EUR,2
MRT-FRA,2
MRT-MOZ,2
MUS-NER,2
MWI-KHM,2
MWI-ZMB,2
MWI-ZWE,2
MYS-AUS,2
MYS-EUR,2
MYS-FIN,2
MYS-GBR,2
MYS-KWT,2
MYS-NAM,2
NAM-AFG,2
NAM-CRB,2
NAM-ECU,2
NAM-JAM,2
NAM-VEN,2
NER-FRA,2
NGA-BRA,2
NGA-CHE,2
NGA-CIV,2
NGA-CMR,2
NGA-DZA,2
NGA-JAM,2
NGA-LBN,2
NGA-LBY,2
NGA-MOZ,2
NGA-TZA,2
NIC-ARG,2
NIC-GRC,2
NIC-GUY,2
NIC-HUN,2
NIC-ISR,2
NIC-ITA,2
NIC-LAO,2
NIC-NOR,2
NIC-THA,2
NIC-URY,2
NIC-VNM,2
NLD-ASA,2
NLD-AUT,2
NLD-CAN,2
NLD-CHN,2
NLD-HND,2
NLD-LKA,2
NLD-MMR,2
NLD-NIC,2
NLD-SLV,2
NLD-TCD,2
NLD-URY,2
NLD-VNM,2
NMR-CUB,2
NMR-DEU,2
NMR-IRL,2
NMR-POL,2
NOR-BWA,2
NOR-CZE,2
NOR-DNK,2
NPL-AUS,2
NPL-DEU,2
NPL-MDV,2
NPL-MUS,2
NZL-BGD,2
NZL-CHN,2
NZL-COK,2
NZL-ETH,2
NZL-EUR,2
NZL-FSM,2
NZL-KHM,2
NZL-MOZ,2
NZL-MYS,2
NZL-SGP,2
NZL-SLB,2
NZL-URY,2
NZL-WSM,2
NZL-WST,2
OMN-AFG,2
OMN-GBR,2
OMN-GRC,2
OMN-IRQ,2
OMN-KWT,2
OMN-SOM,2
PAK-CAN,2
PAK-COM,2
PAK-GMB,2
PAK-IRQ,2
PAK-ITA,2
PAK-PAN,2
PAK-PGS,2
PAK-PRK,2
PAK-TUR,2
PAK-UGA,2
PAN-AUS,2
PAN-GTM,2
PAN-ITA,2
PER-CRI,2
PER-CYP,2
PER-LBN,2
PER-NAM,2
PER-RUS,2
PGS-JOR,2
PGS-KWT,2
PGS-LBN,2
PGS-MEX,2
PGS-SAU,2
PHL-AFR,2
PHL-ARG,2
PHL-AUS,2
PHL-BRA,2
PHL-GRC,2
PHL-IRN,2
PHL-KIR,2
PHL-KWT,2
PHL-LBY,2
PHL-NPL,2
PHL-SGP,2
PLW-NAM,2
PNG-IDN,2
POL-AFR,2
POL-ARM,2
POL-CHL,2
POL-EGY,2
POL-KOR,2
POL-MEX,2
POL-NAM,2
PRK-AGO,2
PRK-ETH,2
PRK-GUY,2
PRK-KHM,2
PRK-TZA,2
PRK-UGA,2
PRK-USA,2
PRT-BGR,2
PRT-BRA,2
PRT-CHN,2
PRT-FRA,2
PRT-GIN,2
PRT-GRD,2
PRT-NAM,2
PRT-STP,2
PRY-ARG,2
PRY-FRA,2
PSE-AUS,2
PSE-GRC,2
PSE-IRL,2
PSE-KWT,2
PSE-NOR,2
PSE-PRT,2
PSE-SDN,2
QAT-CUB,2
QAT-PSE,2
QAT-TZA,2
RUS-BFA,2
RUS-BRB,2
RUS-COG,2
RUS-ECU,2
RUS-ERI,2
RUS-EST,2
RUS-MLI,2
RUS-MYS,2
RUS-TUN,2
RWA-SAU,2
RWA-UGA,2
SAS-AUS,2
SAS-MMR,2
SAU-AGO,2
SAU-BRA,2
SAU-DZA,2
SAU-JAM,2
SAU-MDV,2
SAU-NOR,2
SAU-OMN,2
SAU-RWA,2
SAU-UGA,2
SDN-CAF,2
SDN-CAN,2
SDN-IRN,2
SDN-OMN,2
SDN-TZA,2
SDN-ZWE,2
SEA-AUS,2
SEA-CAN,2
SEA-FJI,2
SEA-FRA,2
SEA-IDN,2
SEN-BEL,2
SEN-EUR,2
SEN-KEN,2
SEN-NAM,2
SEN-NER,2
SEN-SDN,2
SEN-ZWE,2
SGP-CHN,2
SGP-SEA,2
SLE-CHN,2
SLE-KWT,2
SLV-ARG,2
SLV-BEL,2
SLV-CAN,2
SLV-CHL,2
SLV-CRI,2
SLV-FRA,2
SLV-JPN,2
SLV-MEX,2
SLV-URY,2
SMR-VAT,2
SOM-AFG,2
SOM-DJI,2
SOM-EGY,2
SOM-GBR,2
SOM-PER,2
SOM-SAU,2
SOM-YEM,2
SRB-CHE,2
STP-MOZ,2
SVK-BEL,2
SVK-BGR,2
SVK-CUB,2
SVK-GBR,2
SVK-ZMB,2
SWE-IRL,2
SWE-PAK,2
SWE-URY,2
SWZ-MOZ,2
SWZ-USA,2
SYC-AUS,2
SYC-EUR,2
SYC-FRA,2
SYC-YEM,2
SYR-CYP,2
SYR-ESP,2
SYR-GBR,2
SYR-ITA,2
SYR-TCD,2
TCD-EGY,2
TCD-JPN,2
TCD-MAR,2
TCD-MLI,2
TGO-BDI,2
TGO-CAN,2
TGO-FRA,2
TGO-ITA,2
TGO-PNG,2
TGO-RWA,2
TGO-ZMB,2
THA-BGD,2
THA-IND,2
THA-KEN,2
TJK-ARM,2
TJK-AZE,2
TJK-MDA,2
TJK-RUS,2
TJK-TUR,2
TJK-USA,2
TKM-ARM,2
TKM-AZE,2
TKM-MDA,2
TKM-USA,2
TMP-AUS,2
TTO-BRB,2
TTO-SUR,2
TUN-AFR,2
TUN-AUT,2
TUN-FRA,2
TUN-ISR,2
TUN-JPN,2
TUN-MDG,2
TUN-TUR,2
TUN-USA,2
TUN-ZWE,2
TUR-BEL,2
TUR-DZA,2
TUR-GMB,2
TUR-KWT,2
TUR-MAR,2
TUR-POL,2
TUR-SYR,2
TZA-AGO,2
TZA-BEL,2
TZA-CHN,2
TZA-COD,2
TZA-FIN,2
TZA-GIN,2
TZA-HRV,2
TZA-JPN,2
TZA-KWT,2
TZA-MWI,2
TZA-NOR,2
TZA-SDN,2
TZA-SEN,2
TZA-YEM,2
TZA-ZWE,2
UGA-CHN,2
UGA-GRC,2
UGA-JPN,2
UGA-NAM,2
UGA-ZWE,2
UKR-HRV,2
UKR-POL,2
UKR-VAT,2
URY-ARG,2
URY-COL,2
URY-IRN,2
URY-ISR,2
USA-ALB,2
USA-ASA,2
USA-AZE,2
USA-BEN,2
USA-BLZ,2
USA-CRB,2
USA-GAB,2
USA-GNB,2
USA-KGZ,2
USA-MDV,2
USA-MNG,2
USA-MUS,2
USA-SEN,2
USA-SUR,2
USA-TKM,2
USA-UZB,2
UZB-AZE,2
UZB-ESP,2
UZB-MDA,2
UZB-TKM,2
VAT-CUB,2
VAT-SDN,2
VCT-GUY,2
VEN-ECU,2
VEN-GBR,2
VEN-ITA,2
VEN-JPN,2
VEN-RUS,2
VEN-UGA,2
VNM-AFG,2
VNM-AFR,2
VNM-AUT,2
VNM-CAN,2
VNM-CZE,2
VNM-ESP,2
VNM-GRD,2
VNM-IRL,2
VNM-MNG,2
VNM-MOZ,2
VNM-PRK,2
VNM-SLV,2
VUT-PNG,2
WAF-NGA,2
WSM-NZL,2
WST-AFG,2
WST-AFR,2
WST-ISL,2
WST-ZAF,2
YEM-CHN,2
YEM-ETH,2
YEM-ISR,2
YEM-JPN,2
YEM-OMN,2
YEM-PAK,2
ZAF-EGY,2
ZAF-GRC,2
ZAF-IRN,2
ZAF-ISR,2
ZAF-MWI,2
ZAF-NLD,2
ZAF-SEN,2
ZAF-ZMB,2
ZMB-BGR,2
ZMB-CHE,2
ZMB-COD,2
ZMB-DEU,2
ZMB-DZA,2
ZMB-FIN,2
ZMB-SWZ,2
ZWE-AGO,2
ZWE-CHE,2
ZWE-CUB,2
ZWE-ETH,2
ZWE-GUY,2
ZWE-IRN,2
ZWE-LSO,2
ZWE-SDN,2
ZWE-SEN,2
ZWE-YEM,2
AFG-AZE,1
AFG-BGR,1
AFG-CAN,1
AFG-CUB,1
AFG-DEU,1
AFG-ETH,1
AFG-HUN,1
AFG-SAS,1
AFG-VNM,1
AFR-ASA,1
AFR-DNK,1
AFR-ERI,1
AFR-GRC,1
AFR-MDG,1
AFR-SWZ,1
AGO-ARG,1
AGO-BGR,1
ALB-CHN,1
ALB-DEU,1
ALB-ESP,1
ALB-EUR,1
ALB-ITA,1
ARE-AFG,1
ARE-ISR,1
ARE-MAR,1
ARE-MDG,1
ARE-NLD,1
ARE-QAT,1
ARE-TUN,1
ARG-ESP,1
ARG-IND,1
ARG-IRN,1
ARG-ISR,1
ARG-VAT,1
ARM-EUR,1
ARM-SVK,1
ARM-UKR,1
ASA-AFG,1
ASA-CHN,1
ASA-IND,1
ASA-NOR,1
AUS-CHL,1
AUS-DEU,1
AUS-POL,1
AUS-SVK,1
AUS-YEM,1
AUT-AUS,1
AUT-BWA,1
AUT-HRV,1
AUT-KHM,1
AUT-LAO,1
AUT-LBY,1
AUT-SLE,1
AUT-UGA,1
AUT-ZWE,1
AZE-IRN,1
BDI-CAF,1
BDI-JPN,1
BDI-KEN,1
BDI-USA,1
BEL-BRA,1
BEL-COG,1
BEL-DZA,1
BEL-FRA,1
BEL-LBN,1
BEL-MDG,1
BEL-NER,1
BEL-PAK,1
BEL-RUS,1
BEL-SDN,1
BEL-TUR,1
BEN-FRA,1
BEN-JPN,1
BEN-NER,1
BEN-TCD,1
BFA-AFR,1
BFA-AGO,1
BFA-FRA,1
BGD-BTN,1
BGD-ISR,1
BGD-PAK,1
BGD-UGA,1
BGR-GBR,1
BGR-JOR,1
BGR-KHM,1
BGR-LAO,1
BGR-MAR,1
BGR-ZMB,1
BHR-HUN,1
BHR-PAK,1
BHR-PHL,1
BLZ-GTM,1
BLZ-HTI,1
BLZ-LBN,1
BMU-CAN,1
BMU-NIC,1
BMU-SLV,1
BOL-EGY,1
BOL-NAM,1
BOL-PER,1
BRA-COD,1
BRA-KHM,1
BRB-TCD,1
BRN-DEU,1
BRN-GBR,1
BRN-IRN,1
BRN-MYS,1
BRN-THA,1
BTN-SAS,1
BWA-NGA,1
BWA-USA,1
CAF-TCD,1
CAN-COD,1
CAN-COG,1
CAN-ECU,1
CAN-IDN,1
CAN-LIE,1
CAN-MMR,1
CAN-MRT,1
CAN-MWI,1
CAN-NLD,1
CAN-SEA,1
CAN-TGO,1
CAN-TTO,1
CHE-BEN,1
CHE-ESP,1
CHE-ETH,1
CHE-GTM,1
CHE-ISL,1
CHE-MMR,1
CHE-SLV,1
CHL-AFR,1
CHL-RUS,1
CHN-ASA,1
CHN-BFA,1
CHN-BWA,1
CHN-CAF,1
CHN-CHL,1
CHN-CZE,1
CHN-DJI,1
CHN-ISR,1
CHN-JOR,1
CHN-KOR,1
CHN-LBN,1
CHN-LBR,1
CHN-LBY,1
CHN-LKA,1
CHN-LSO,1
CHN-MDV,1
CHN-PNG,1
CHN-TMP,1
CHN-ZMB,1
CIV-AGO,1
CIV-JPN,1
COD-BEL,1
COD-BLZ,1
COD-CHN,1
COD-EUR,1
COD-KEN,1
COD-LBY,1
COG-CAF,1
COG-COD,1
COG-TGO,1
COL-CUB,1
COL-FRA,1
COL-JPN,1
COM-AFR,1
COM-FRA,1
CPV-AFR,1
CPV-BGR,1
CPV-EUR,1
CPV-IND,1
CPV-PRT,1
CRI-CHE,1
CRI-HUN,1
CUB-BDI,1
CUB-CHE,1
CUB-CPV,1
CUB-HTI,1
CUB-IRQ,1
CUB-JAM,1
CYP-CHE,1
CYP-EUR,1
CYP-ISR,1
CYP-PSE,1
CYP-SYR,1
CZE-AFR,1
CZE-BEN,1
CZE-ETH,1
CZE-FSM,1
CZE-HUN,1
CZE-POL,1
CZE-TZA,1
DEU-BRN,1
DEU-DNK,1
DEU-GNB,1
DEU-LAO,1
DEU-LBR,1
DEU-NOR,1
DEU-PRK,1
DEU-PSE,1
DEU-UKR,1
DJI-FRA,1
DJI-SAU,1
DJI-YEM,1
DNK-AFR,1
DNK-CHL,1
DNK-ESP,1
DNK-GHA,1
DNK-GRC,1
DNK-LKA,1
DNK-SGP,1
DNK-WST,1
DNK-ZAF,1
DNK-ZWE,1
DOM-ESP,1
DOM-SLV,1
DZA-CHN,1
DZA-LBR,1
DZA-MEX,1
DZA-RUS,1
DZA-TUN,1
ECU-CHE,1
ECU-COL,1
EEU-EUR,1
EGY-BOL,1
EGY-GRC,1
EGY-KWT,1
EGY-MLT,1
EGY-OMN,1
EGY-PAN,1
ERI-KEN,1
ESP-EGY,1
ESP-FIN,1
ESP-GHA,1
ESP-GIN,1
ESP-GRD,1
ESP-LBN,1
EST-FIN,1
EST-MDA,1
EST-UKR,1
ETH-AUS,1
ETH-GHA,1
ETH-JPN,1
ETH-MEX,1
ETH-SLV,1
ETH-SWE,1
EUR-AUT,1
EUR-BFA,1
EUR-BGR,1
EUR-ERI,1
EUR-NZL,1
EUR-SLB,1
EUR-SUR,1
FIN-CHN,1
FIN-IRQ,1
FIN-JOR,1
FIN-MMR,1
FIN-PER,1
FIN-PSE,1
FIN-ZWE,1
FJI-GBR,1
FRA-ARM,1
FRA-BLR,1
FRA-DOM,1
FRA-MEA,1
FRA-MMR,1
FRA-NGA,1
FRA-WAF,1
FSM-ETH,1
FSM-MOZ,1
FSM-NIC,1
FSM-POL,1
GAB-BRA,1
GAB-CMR,1
GBR-AUT,1
GBR-BHS,1
GBR-BRA,1
GBR-KOR,1
GBR-KWT,1
GBR-NIC,1
GEO-DEU,1
GEO-IND,1
GEO-USA,1
GHA-CAN,1
GHA-IRL,1
GHA-TTO,1
GIN-CAF,1
GIN-CHN,1
GIN-CUB,1
GIN-TCD,1
GMB-LBY,1
GNB-AFR,1
GNB-SWE,1
GNQ-UGA,1
GRC-AFR,1
GRC-BEL,1
GRC-DNK,1
GRC-LBR,1
GRC-MKD,1
GRC-NIC,1
GRC-NOR,1
GRC-TKM,1
GRC-WST,1
GRD-CRB,1
GRD-EUR,1
GRD-GBR,1
GRD-ITA,1
GRD-KHM,1
GRD-LBN,1
GRD-VNM,1
GTM-CAN,1
GUY-AFR,1
GUY-ARG,1
GUY-USA,1
HND-MEX,1
HND-PRY,1
HRV-UKR,1
HTI-DOM,1
HTI-JPN,1
HTI-SEN,1
HUN-ALB,1
HUN-BRA,1
HUN-CAN,1
HUN-CYP,1
HUN-CZE,1
HUN-IND,1
HUN-MOZ,1
IDN-BEL,1
IDN-HND,1
IDN-JPN,1
IDN-NPL,1
IDN-RUS,1
IND-CZE,1
IND-RUS,1
IND-SYC,1
IND-TZA,1
IND-YEM,1
IRL-ETH,1
IRL-LBY,1
IRL-LSO,1
IRL-PER,1
IRL-ZAF,1
IRN-GRD,1
IRN-IND,1
IRN-ITA,1
IRN-JPN,1
IRN-LUX,1
IRN-MNG,1
IRN-PRT,1
IRQ-AFG,1
IRQ-BEN,1
IRQ-BHR,1
IRQ-CHN,1
IRQ-ITA,1
IRQ-MOZ,1
IRQ-PHL,1
IRQ-ZMB,1
ISL-CHE,1
ISL-DEU,1
ISL-EUR,1
ISR-COD,1
ISR-DZA,1
ISR-ECU,1
ISR-IRL,1
ISR-JPN,1
ISR-NLD,1
ISR-NOR,1
ISR-SEA,1
ISR-YEM,1
ITA-AUS,1
ITA-GIN,1
ITA-NOR,1
ITA-UKR,1
ITA-WST,1
JAM-JPN,1
JOR-CYP,1
JOR-DEU,1
JOR-DZA,1
JOR-EGY,1
JOR-MRT,1
JOR-TUN,1
JPN-BFA,1
JPN-BOL,1
JPN-BTN,1
JPN-CMR,1
JPN-FIN,1
JPN-FJI,1
JPN-FSM,1
JPN-HTI,1
JPN-JAM,1
JPN-KIR,1
JPN-MAR,1
JPN-NER,1
JPN-PAN,1
JPN-SUR,1
JPN-SWZ,1
JPN-VAT,1
JPN-VUT,1
KEN-DNK,1
KEN-GRC,1
KEN-RWA,1
KGZ-TJK,1
KGZ-TKM,1
KGZ-UZB,1
KHM-AUS,1
KHM-HRV,1
KHM-HUN,1
KHM-SGP,1
KHM-SWE,1
KHM-ZAF,1
KIR-GBR,1
KIR-RUS,1
KOR-BFA,1
KOR-ISR,1
KOR-NPL,1
KOR-PGS,1
KOR-POL,1
KOR-THA,1
KWT-BWA,1
KWT-DEU,1
KWT-EUR,1
KWT-GBR,1
KWT-LSO,1
KWT-NLD,1
KWT-PHL,1
KWT-TUN,1
LAO-CUB,1
LBN-AFR,1
LBN-BLZ,1
LBN-ESP,1
LBN-MAR,1
LBN-NMR,1
LBN-PAK,1
LBN-TCD,1
LBN-ZMB,1
LBR-AFR,1
LBR-BRN,1
LBR-GBR,1
LBR-NER,1
LBR-SLE,1
LBR-WAF,1
LBY-CAF,1
LBY-CUB,1
LBY-CYP,1
LBY-GIN,1
LBY-MLI,1
LCA-GBR,1
LCA-JAM,1
LKA-BGD,1
LKA-FRA,1
LKA-KHM,1
LUX-COG,1
LUX-RUS,1
LVA-USA,1
MAC-USA,1
MAR-DZA,1
MAR-IRL,1
MAR-PGS,1
MAR-UGA,1
MCO-COD,1
MCO-FRA,1
MCO-HUN,1
MCO-IDN,1
MCO-JPN,1
MCO-ZWE,1
MDA-AFG,1
MDA-KAZ,1
MDG-HRV,1
MDV-CHN,1
MDV-LKA,1
MDV-USA,1
MEA-AFR,1
MEA-DZA,1
MEA-EGY,1
MEA-GBR,1
MEX-DZA,1
MEX-PHL,1
MKD-ALB,1
MLI-CHN,1
MLI-RUS,1
MMR-GBR,1
MMR-KOR,1
MMR-PAK,1
MNG-AFG,1
MNG-ARM,1
MOZ-BEL,1
MOZ-CAN,1
MOZ-CHE,1
MOZ-FIN,1
MRT-DZA,1
MRT-ESP,1
MRT-KWT,1
MRT-MAR,1
MUS-BTN,1
MUS-ZAF,1
MWI-EGY,1
MYS-BRN,1
MYS-KOR,1
MYS-MDV,1
MYS-MLI,1
MYS-NIC,1
MYS-NPL,1
MYS-SAU,1
NAM-ASA,1
NAM-COD,1
NAM-COG,1
NAM-DEU,1
NAM-GHA,1
NAM-HTI,1
NAM-PRT,1
NER-CHE,1
NER-JPN,1
NER-SAU,1
NGA-IND,1
NGA-ISR,1
NGA-PSE,1
NGA-SAU,1
NIC-BGR,1
NIC-BTN,1
NIC-CHN,1
NIC-JPN,1
NIC-PHL,1
NLD-CRI,1
NLD-THA,1
NLD-UGA,1
NLD-ZAF,1
NMR-DOM,1
NMR-EUR,1
NOR-GRC,1
NOR-IDN,1
NOR-KHM,1
NOR-LBR,1
NOR-UGA,1
NPL-ASA,1
NPL-BTN,1
NPL-CAN,1
NPL-FIN,1
NPL-FRA,1
NPL-GBR,1
NPL-IND,1
NPL-PSE,1
NPL-THA,1
NPL-USA,1
NZL-TUR,1
PAK-ARE,1
PAK-PHL,1
PAK-PSE,1
PAN-CYM,1
PAN-HND,1
PAN-PHL,1
PAN-URY,1
PER-DZA,1
PER-ECU,1
PER-FIN,1
PER-FRA,1
PER-GBR,1
PER-GHA,1
PER-JPN,1
PER-SYR,1
PER-VEN,1
PER-ZAF,1
PGS-AGO,1
PGS-FRA,1
PGS-RUS,1
PGS-YEM,1
PHL-BRN,1
PHL-CAF,1
PHL-PAK,1
PHL-PSE,1
PHL-RUS,1
PHL-SAU,1
PLW-MOZ,1
PNG-FRA,1
PNG-GBR,1
PNG-THA,1
POL-BGD,1
POL-CUB,1
POL-ESP,1
POL-SYR,1
POL-ZAF,1
PRK-AFR,1
PRK-BEN,1
PRK-BGD,1
PRK-CAF,1
PRK-CHL,1
PRK-GRD,1
PRK-ISR,1
PRK-LBY,1
PRK-SGP,1
PRK-THA,1
PRT-ITA,1
PRT-MAC,1
PRT-MEX,1
PRT-WST,1
PRY-USA,1
PSE-DZA,1
PSE-HUN,1
PSE-IRQ,1
PSE-NIC,1
PSE-PAK,1
PSE-SWE,1
PSE-TUN,1
QAT-FRA,1
QAT-ISR,1
QAT-SAU,1
RUS-BEL,1
RUS-CAF,1
RUS-CMR,1
RUS-DNK,1
RUS-GEO,1
RUS-HRV,1
RUS-NZL,1
RUS-PAN,1
RUS-PGS,1
RUS-PHL,1
RUS-PRT,1
RUS-SAS,1
RUS-SGP,1
RUS-SLE,1
RUS-SLV,1
RUS-SRB,1
RUS-TJK,1
RUS-ZAF,1
SAS-IND,1
SAS-NPL,1
SAU-AUS,1
SAU-CPV,1
SAU-CYP,1
SAU-DJI,1
SAU-ETH,1
SAU-EUR,1
SAU-GAB,1
SAU-GBR,1
SAU-IDN,1
SAU-MLI,1
SAU-SLE,1
SCN-ISL,1
SDN-DEU,1
SDN-DNK,1
SDN-FIN,1
SDN-KWT,1
SDN-MOZ,1
SDN-PAK,1
SDN-PSE,1
SDN-SWE,1
SEA-AFG,1
SEA-CHE,1
SEA-IRL,1
SEA-IRQ,1
SEA-RUS,1
SEA-SDN,1
SEN-CIV,1
SEN-CPV,1
SEN-GBR,1
SEN-LBY,1
SEN-MOZ,1
SLB-GBR,1
SLE-AFR,1
SLE-GIN,1
SLE-PRK,1
SLE-TGO,1
SLV-AFR,1
SLV-DOM,1
SLV-EGY,1
SLV-EUR,1
SLV-IRQ,1
SLV-ISR,1
SLV-NLD,1
SLV-PHL,1
SLV-RUS,1
SLV-VNM,1
SMR-USA,1
SOM-BEL,1
SOM-CHN,1
SOM-FSM,1
SOM-LBY,1
SRB-BGR,1
STP-AGO,1
SUR-AFG,1
SUR-USA,1
SVK-ALB,1
SVK-IRN,1
SVK-LAO,1
SVK-LBY,1
SVK-RUS,1
SVK-SYR,1
SVK-USA,1
SWE-BOL,1
SWE-EGY,1
SWE-IND,1
SWE-SAU,1
SWE-SOM,1
SWZ-ZAF,1
SYC-AFR,1
SYC-ZAF,1
SYR-ARM,1
SYR-KWT,1
TCD-CHN,1
TCD-CIV,1
TCD-DZA,1
TCD-EUR,1
TCD-IRQ,1
TCD-ITA,1
TCD-NLD,1
TCD-SAU,1
TGO-BEL,1
TGO-CAF,1
TGO-JPN,1
TGO-LBR,1
TGO-WAF,1
THA-CHE,1
THA-DNK,1
THA-LBY,1
THA-NLD,1
TJK-AFG,1
TJK-KGZ,1
TJK-TKM,1
TKM-KGZ,1
TKM-TJK,1
TKM-TUR,1
TKM-UZB,1
TTO-GRD,1
TTO-GUY,1
TUN-BEL,1
TUN-CHN,1
TUN-EUR,1
TUN-LBY,1
TUN-MAR,1
TUN-SYR,1
TUR-AUS,1
TUR-CHE,1
TUR-CRI,1
TUR-HUN,1
TUR-ISR,1
TUR-OMN,1
TUR-PAK,1
TUR-UZB,1
TZA-DNK,1
TZA-HUN,1
TZA-OMN,1
TZA-PRT,1
TZA-SYC,1
TZA-ZAF,1
UGA-CAN,1
UGA-PRK,1
UGA-RUS,1
UGA-SAU,1
UGA-SWE,1
UKR-ARM,1
UKR-BGR,1
UKR-BLR,1
UKR-FRA,1
URY-CHN,1
USA-ARE,1
USA-COK,1
USA-GMB,1
USA-HRV,1
USA-ISL,1
USA-LAM,1
USA-LCA,1
USA-LUX,1
USA-MLT,1
USA-MYS,1
USA-NER,1
USA-QAT,1
USA-SLB,1
USA-SYC,1
USA-TMP,1
USA-VCT,1
UZB-AGO,1
UZB-KAZ,1
UZB-KGZ,1
VAT-AFR,1
VAT-ARG,1
VAT-CHN,1
VAT-GBR,1
VAT-POL,1
VAT-VEN,1
VEN-DZA,1
VEN-POL,1
VEN-TTO,1
VNM-BTN,1
VNM-EUR,1
VNM-IRN,1
VNM-ITA,1
VNM-NLD,1
VNM-PSE,1
VNM-SWE,1
VNM-ZAF,1
WAF-BEN,1
WAF-GHA,1
WST-CAN,1
WST-LBN,1
WST-NMR,1
WST-PRT,1
WST-SLV,1
YEM-AFR,1
YEM-IRN,1
ZAF-AFG,1
ZAF-CHN,1
ZAF-CMR,1
ZAF-DEU,1
ZMB-CUB,1
ZMB-JPN,1
ZMB-NLD,1
ZMB-TZA,1
ZWE-CAN,1
ZWE-CHN,1
ZWE-DEU,1
ZWE-DNK,1
ZWE-DZA,1
ZWE-KWT,1
ZWE-NOR,1
ZWE-NZL,1
