actorA,actorB
ABW,BHS
ABW,CUB
ABW,ESP
ABW,NLD
ABW,USA
ABW,VEN
AFG,AFG
AFG,AGO
AFG,ALB
AFG,ARE
AFG,ARG
AFG,ARM
AFG,AUS
AFG,AUT
AFG,AZE
AFG,BDI
AFG,BEL
AFG,BGD
AFG,BGR
AFG,BHR
AFG,BHS
AFG,BLR
AFG,BRA
AFG,BRB
AFG,BRN
AFG,BTN
AFG,CAN
AFG,CHE
AFG,CHL
AFG,CHN
AFG,COD
AFG,COG
AFG,COL
AFG,CUB
AFG,CZE
AFG,DEU
AFG,DJI
AFG,DNK
AFG,DZA
AFG,ECU
AFG,EGY
AFG,ERI
AFG,ESP
AFG,EST
AFG,ETH
AFG,FIN
AFG,FRA
AFG,FSM
AFG,GBR
AFG,GRC
AFG,GRD
AFG,GUY
AFG,HRV
AFG,HTI
AFG,HUN
AFG,IDN
AFG,IND
AFG,IRL
AFG,IRN
AFG,IRQ
AFG,ISL
AFG,ISR
AFG,ITA
AFG,JAM
AFG,JOR
AFG,JPN
AFG,KAZ
AFG,KEN
AFG,KGZ
AFG,KHM
AFG,KOR
AFG,KWT
AFG,LAO
AFG,LBN
AFG,LBR
AFG,LBY
AFG,LKA
AFG,LTU
AFG,MAR
AFG,MCO
AFG,MDV
AFG,MEX
AFG,MKD
AFG,MLI
AFG,MLT
AFG,MMR
AFG,MRT
AFG,MWI
AFG,MYS
AFG,NER
AFG,NGA
AFG,NIC
AFG,NLD
AFG,NOR
AFG,NPL
AFG,NZL
AFG,OMN
AFG,PAK
AFG,PER
AFG,PHL
AFG,POL
AFG,PRK
AFG,PRT
AFG,PSE
AFG,QAT
AFG,RUS
AFG,RWA
AFG,SAU
AFG,SDN
AFG,SGP
AFG,SLB
AFG,SLE
AFG,SOM
AFG,SRB
AFG,SVK
AFG,SWE
AFG,SYC
AFG,SYR
AFG,TCD
AFG,THA
AFG,TJK
AFG,TKM
AFG,TON
AFG,TUN
AFG,TUR
AFG,UGA
AFG,UKR
AFG,URY
AFG,USA
AFG,UZB
AFG,VCT
AFG,VEN
AFG,VNM
AFG,YEM
AFG,ZAF
AFG,ZMB
AFG,ZWE
AFR,USA
AGO,AFG
AGO,AND
AGO,ARE
AGO,ARG
AGO,AUS
AGO,AUT
AGO,BDI
AGO,BEL
AGO,BEN
AGO,BFA
AGO,BGD
AGO,BGR
AGO,BOL
AGO,BRA
AGO,BWA
AGO,CAF
AGO,CAN
AGO,CHE
AGO,CHN
AGO,CIV
AGO,CMR
AGO,COD
AGO,COG
AGO,COL
AGO,COM
AGO,CPV
AGO,CUB
AGO,CYM
AGO,DEU
AGO,DZA
AGO,ECU
AGO,EGY
AGO,ESP
AGO,ETH
AGO,FIN
AGO,FRA
AGO,GAB
AGO,GBR
AGO,GHA
AGO,GIN
AGO,GNB
AGO,GNQ
AGO,GRC
AGO,IDN
AGO,IRL
AGO,IRN
AGO,IRQ
AGO,ISR
AGO,ITA
AGO,JPN
AGO,KEN
AGO,KGZ
AGO,KOR
AGO,KWT
AGO,LBN
AGO,LBR
AGO,LBY
AGO,LKA
AGO,MAR
AGO,MCO
AGO,MEX
AGO,MLI
AGO,MOZ
AGO,MUS
AGO,MWI
AGO,MYS
AGO,NAM
AGO,NER
AGO,NGA
AGO,NIC
AGO,NLD
AGO,NOR
AGO,NPL
AGO,PAK
AGO,PER
AGO,POL
AGO,PRT
AGO,PSE
AGO,QAT
AGO,RUS
AGO,RWA
AGO,SAF
AGO,SAU
AGO,SDN
AGO,SEN
AGO,SGP
AGO,SLE
AGO,SOM
AGO,SRB
AGO,STP
AGO,SWE
AGO,SYR
AGO,TCD
AGO,TUN
AGO,TUR
AGO,TWN
AGO,TZA
AGO,UGA
AGO,USA
AGO,VNM
AGO,ZAF
AGO,ZMB
AGO,ZWE
AIA,AGO
AIA,AUS
AIA,EGY
AIA,GBR
AIA,IRL
AIA,ISR
AIA,JAM
AIA,LCA
AIA,MDV
AIA,PSE
AIA,USA
ALB,AFG
ALB,ARG
ALB,ARM
ALB,AUS
ALB,AUT
ALB,AZE
ALB,BEL
ALB,BGD
ALB,BGR
ALB,BMU
ALB,BRA
ALB,CAN
ALB,CHE
ALB,CHN
ALB,CUB
ALB,CZE
ALB,DEU
ALB,DNK
ALB,EGY
ALB,ESP
ALB,FIN
ALB,FRA
ALB,GBR
ALB,GHA
ALB,GRC
ALB,HRV
ALB,HUN
ALB,IDN
ALB,IND
ALB,IRL
ALB,IRN
ALB,IRQ
ALB,ISR
ALB,ITA
ALB,JPN
ALB,KWT
ALB,LBN
ALB,MAR
ALB,MCO
ALB,MDA
ALB,MKD
ALB,MLI
ALB,MLT
ALB,MOZ
ALB,NGA
ALB,NLD
ALB,NOR
ALB,NPL
ALB,NZL
ALB,PAK
ALB,PHL
ALB,POL
ALB,RUS
ALB,SAU
ALB,SEN
ALB,SOM
ALB,SRB
ALB,SWE
ALB,SYC
ALB,SYR
ALB,TCD
ALB,THA
ALB,TUN
ALB,TUR
ALB,UGA
ALB,UKR
ALB,USA
ALB,YEM
AND,CAN
AND,ESP
AND,ETH
AND,FJI
AND,FRA
AND,GBR
AND,LIE
AND,LUX
AND,MAR
AND,MLI
AND,USA
AND,YEM
ARE,AFG
ARE,AGO
ARE,ALB
ARE,ARG
ARE,ARM
ARE,AUS
ARE,AUT
ARE,AZE
ARE,BEL
ARE,BFA
ARE,BGD
ARE,BGR
ARE,BHR
ARE,BHS
ARE,BLR
ARE,BMU
ARE,BRA
ARE,BRN
ARE,BWA
ARE,CAN
ARE,CHE
ARE,CHL
ARE,CHN
ARE,COD
ARE,COG
ARE,COL
ARE,CUB
ARE,CYM
ARE,DEU
ARE,DJI
ARE,DMA
ARE,DNK
ARE,DOM
ARE,DZA
ARE,ECU
ARE,EGY
ARE,ERI
ARE,ESP
ARE,ETH
ARE,FIN
ARE,FJI
ARE,FRA
ARE,FSM
ARE,GBR
ARE,GHA
ARE,GIN
ARE,GMB
ARE,GRC
ARE,HRV
ARE,HTI
ARE,HUN
ARE,IDN
ARE,IND
ARE,IRL
ARE,IRN
ARE,IRQ
ARE,ISL
ARE,ISR
ARE,ITA
ARE,JOR
ARE,JPN
ARE,KAZ
ARE,KEN
ARE,KGZ
ARE,KHM
ARE,KNA
ARE,KOR
ARE,KWT
ARE,LAO
ARE,LBN
ARE,LBR
ARE,LBY
ARE,LKA
ARE,LSO
ARE,LUX
ARE,MAR
ARE,MCO
ARE,MDG
ARE,MDV
ARE,MEX
ARE,MLI
ARE,MLT
ARE,MMR
ARE,MNG
ARE,MOZ
ARE,MRT
ARE,MUS
ARE,MWI
ARE,MYS
ARE,NAM
ARE,NGA
ARE,NLD
ARE,NOR
ARE,NPL
ARE,NZL
ARE,OMN
ARE,PAK
ARE,PAN
ARE,PER
ARE,PHL
ARE,POL
ARE,PRT
ARE,PSE
ARE,QAT
ARE,RUS
ARE,RWA
ARE,SAU
ARE,SDN
ARE,SEN
ARE,SGP
ARE,SLB
ARE,SLE
ARE,SOM
ARE,SRB
ARE,SWE
ARE,SWZ
ARE,SYC
ARE,SYR
ARE,TCD
ARE,TGO
ARE,THA
ARE,TJK
ARE,TKM
ARE,TON
ARE,TUN
ARE,TUR
ARE,TUV
ARE,TWN
ARE,TZA
ARE,UGA
ARE,UKR
ARE,USA
ARE,UZB
ARE,VAT
ARE,VCT
ARE,VNM
ARE,VUT
ARE,YEM
ARE,ZAF
ARE,ZMB
ARE,ZWE
ARG,ABW
ARG,AFG
ARG,AGO
ARG,ALB
ARG,ARE
ARG,ARM
ARG,ATG
ARG,AUS
ARG,AUT
ARG,AZE
ARG,BEL
ARG,BGD
ARG,BGR
ARG,BHR
ARG,BLZ
ARG,BMU
ARG,BOL
ARG,BRA
ARG,BRN
ARG,CAN
ARG,CHE
ARG,CHL
ARG,CHN
ARG,COD
ARG,COL
ARG,COM
ARG,CPV
ARG,CRI
ARG,CUB
ARG,CYM
ARG,CYP
ARG,CZE
ARG,DEU
ARG,DOM
ARG,DZA
ARG,ECU
ARG,EGY
ARG,ESP
ARG,FJI
ARG,FRA
ARG,FSM
ARG,GBR
ARG,GHA
ARG,GRC
ARG,GTM
ARG,GUY
ARG,HND
ARG,HRV
ARG,HTI
ARG,IDN
ARG,IND
ARG,IRL
ARG,IRN
ARG,IRQ
ARG,ISR
ARG,ITA
ARG,JOR
ARG,JPN
ARG,KAZ
ARG,KEN
ARG,KHM
ARG,KOR
ARG,KWT
ARG,LBN
ARG,LBR
ARG,LBY
ARG,LKA
ARG,LTU
ARG,LUX
ARG,MAR
ARG,MEX
ARG,MKD
ARG,MOZ
ARG,MYS
ARG,NAM
ARG,NGA
ARG,NIC
ARG,NLD
ARG,NPL
ARG,NZL
ARG,OMN
ARG,PAK
ARG,PAN
ARG,PER
ARG,PHL
ARG,POL
ARG,PRK
ARG,PRT
ARG,PRY
ARG,PSE
ARG,QAT
ARG,RUS
ARG,SAM
ARG,SAU
ARG,SDN
ARG,SGP
ARG,SLV
ARG,SOM
ARG,SVK
ARG,SWE
ARG,SYC
ARG,SYR
ARG,THA
ARG,TJK
ARG,TTO
ARG,TUR
ARG,TWN
ARG,TZA
ARG,UKR
ARG,URY
ARG,USA
ARG,VAT
ARG,VEN
ARG,VNM
ARG,YEM
ARG,ZAF
ARG,ZWE
ARM,AFG
ARM,AGO
ARM,ALB
ARM,ARE
ARM,ARG
ARM,AUS
ARM,AUT
ARM,AZE
ARM,BDI
ARM,BEL
ARM,BGD
ARM,BGR
ARM,BLR
ARM,BOL
ARM,BRA
ARM,CAN
ARM,CHE
ARM,CHN
ARM,COD
ARM,COL
ARM,CUB
ARM,CYP
ARM,CZE
ARM,DEU
ARM,DNK
ARM,EGY
ARM,EST
ARM,ETH
ARM,FIN
ARM,FRA
ARM,FSM
ARM,GBR
ARM,GEO
ARM,GHA
ARM,GIN
ARM,GRC
ARM,GTM
ARM,HND
ARM,HRV
ARM,HTI
ARM,HUN
ARM,IDN
ARM,IND
ARM,IRL
ARM,IRN
ARM,IRQ
ARM,ISR
ARM,ITA
ARM,JPN
ARM,KAZ
ARM,KGZ
ARM,KWT
ARM,LBN
ARM,LBY
ARM,LKA
ARM,LTU
ARM,LUX
ARM,LVA
ARM,MCO
ARM,MDA
ARM,MEX
ARM,MLI
ARM,MLT
ARM,MMR
ARM,MYS
ARM,NLD
ARM,NOR
ARM,NZL
ARM,PAK
ARM,PHL
ARM,POL
ARM,PRT
ARM,PRY
ARM,PSE
ARM,QAT
ARM,RUS
ARM,RWA
ARM,SAU
ARM,SGP
ARM,SRB
ARM,SVK
ARM,SWE
ARM,SYR
ARM,THA
ARM,TJK
ARM,TKM
ARM,TUN
ARM,TUR
ARM,UKR
ARM,URY
ARM,USA
ARM,UZB
ARM,VAT
ARM,ZAF
ARM,ZWE
ASA,USA
ATG,ARE
ATG,AUT
ATG,BRB
ATG,CAN
ATG,CHE
ATG,CHL
ATG,CHN
ATG,COL
ATG,CUB
ATG,CYP
ATG,DMA
ATG,ESP
ATG,FRA
ATG,GBR
ATG,GRD
ATG,GTM
ATG,GUY
ATG,HTI
ATG,IRQ
ATG,ISR
ATG,JAM
ATG,JOR
ATG,JPN
ATG,KNA
ATG,LBY
ATG,LCA
ATG,MEX
ATG,MLT
ATG,PAN
ATG,PNG
ATG,PSE
ATG,SGP
ATG,TTO
ATG,UGA
ATG,UKR
ATG,USA
ATG,VCT
ATG,VEN
AUS,AFG
AUS,AGO
AUS,AIA
AUS,ALB
AUS,ARE
AUS,ARG
AUS,ARM
AUS,ATG
AUS,AUS
AUS,AUT
AUS,BDI
AUS,BEL
AUS,BFA
AUS,BGD
AUS,BGR
AUS,BHR
AUS,BHS
AUS,BLR
AUS,BLZ
AUS,BMU
AUS,BOL
AUS,BRA
AUS,BRB
AUS,BRN
AUS,BTN
AUS,BWA
AUS,CAF
AUS,CAN
AUS,CHE
AUS,CHL
AUS,CHN
AUS,CIV
AUS,CMR
AUS,COD
AUS,COG
AUS,COK
AUS,COL
AUS,CRI
AUS,CUB
AUS,CYM
AUS,CYP
AUS,CZE
AUS,DEU
AUS,DJI
AUS,DNK
AUS,DOM
AUS,DZA
AUS,ECU
AUS,EGY
AUS,ERI
AUS,ESP
AUS,EST
AUS,ETH
AUS,FIN
AUS,FJI
AUS,FRA
AUS,FSM
AUS,GBR
AUS,GHA
AUS,GIN
AUS,GMB
AUS,GRC
AUS,GRD
AUS,GTM
AUS,GUY
AUS,HND
AUS,HRV
AUS,HTI
AUS,HUN
AUS,IDN
AUS,IND
AUS,IRL
AUS,IRN
AUS,IRQ
AUS,ISL
AUS,ISR
AUS,ITA
AUS,JAM
AUS,JOR
AUS,JPN
AUS,KAZ
AUS,KEN
AUS,KGZ
AUS,KHM
AUS,KIR
AUS,KNA
AUS,KOR
AUS,KWT
AUS,LAO
AUS,LBN
AUS,LBR
AUS,LBY
AUS,LCA
AUS,LIE
AUS,LKA
AUS,LTU
AUS,LUX
AUS,LVA
AUS,MAR
AUS,MCO
AUS,MDA
AUS,MDG
AUS,MDV
AUS,MEX
AUS,MHL
AUS,MKD
AUS,MLI
AUS,MLT
AUS,MMR
AUS,MNG
AUS,MOZ
AUS,MRT
AUS,MUS
AUS,MWI
AUS,MYS
AUS,NAM
AUS,NER
AUS,NGA
AUS,NIC
AUS,NLD
AUS,NOR
AUS,NPL
AUS,NRU
AUS,NZL
AUS,OMN
AUS,PAK
AUS,PAN
AUS,PER
AUS,PHL
AUS,PLW
AUS,PNG
AUS,POL
AUS,PRK
AUS,PRT
AUS,PSE
AUS,QAT
AUS,RUS
AUS,RWA
AUS,SAF
AUS,SAU
AUS,SDN
AUS,SEN
AUS,SGP
AUS,SLB
AUS,SLE
AUS,SLV
AUS,SOM
AUS,SRB
AUS,STP
AUS,SVK
AUS,SWE
AUS,SWZ
AUS,SYC
AUS,SYR
AUS,TCD
AUS,THA
AUS,TJK
AUS,TKM
AUS,TON
AUS,TTO
AUS,TUN
AUS,TUR
AUS,TUV
AUS,TWN
AUS,TZA
AUS,UGA
AUS,UKR
AUS,URY
AUS,USA
AUS,UZB
AUS,VAT
AUS,VCT
AUS,VEN
AUS,VNM
AUS,VUT
AUS,WSM
AUS,YEM
AUS,ZAF
AUS,ZMB
AUS,ZWE
AUT,AFG
AUT,AGO
AUT,ALB
AUT,ARE
AUT,ARG
AUT,ARM
AUT,ATG
AUT,AUS
AUT,AZE
AUT,BEL
AUT,BFA
AUT,BGD
AUT,BGR
AUT,BLR
AUT,BOL
AUT,BRA
AUT,BTN
AUT,BWA
AUT,CAF
AUT,CAN
AUT,CHE
AUT,CHL
AUT,CHN
AUT,COD
AUT,COL
AUT,CPV
AUT,CRI
AUT,CUB
AUT,CYM
AUT,CYP
AUT,CZE
AUT,DEU
AUT,DMA
AUT,DNK
AUT,DZA
AUT,ECU
AUT,EGY
AUT,ERI
AUT,ESP
AUT,EST
AUT,ETH
AUT,FIN
AUT,FRA
AUT,FSM
AUT,GBR
AUT,GHA
AUT,GIN
AUT,GRC
AUT,GTM
AUT,GUY
AUT,HRV
AUT,HTI
AUT,HUN
AUT,IDN
AUT,IND
AUT,IRL
AUT,IRN
AUT,IRQ
AUT,ISL
AUT,ISR
AUT,ITA
AUT,JOR
AUT,JPN
AUT,KAZ
AUT,KEN
AUT,KGZ
AUT,KHM
AUT,KOR
AUT,KWT
AUT,LAO
AUT,LBN
AUT,LBY
AUT,LIE
AUT,LKA
AUT,LSO
AUT,LTU
AUT,LUX
AUT,LVA
AUT,MAR
AUT,MCO
AUT,MDA
AUT,MEX
AUT,MKD
AUT,MLI
AUT,MLT
AUT,MMR
AUT,MNG
AUT,MOZ
AUT,MYS
AUT,NGA
AUT,NIC
AUT,NLD
AUT,NOR
AUT,NPL
AUT,NZL
AUT,OMN
AUT,PAK
AUT,PAN
AUT,PHL
AUT,POL
AUT,PRK
AUT,PRT
AUT,PRY
AUT,PSE
AUT,QAT
AUT,RUS
AUT,RWA
AUT,SAU
AUT,SDN
AUT,SGP
AUT,SLE
AUT,SLV
AUT,SOM
AUT,SRB
AUT,SVK
AUT,SWE
AUT,SYR
AUT,TCD
AUT,THA
AUT,TJK
AUT,TKM
AUT,TON
AUT,TUR
AUT,TZA
AUT,UGA
AUT,UKR
AUT,USA
AUT,UZB
AUT,VAT
AUT,VEN
AUT,VNM
AUT,VUT
AUT,WSM
AUT,YEM
AUT,ZAF
AUT,ZWE
AZE,AFG
AZE,AGO
AZE,ALB
AZE,ARE
AZE,ARG
AZE,ARM
AZE,AUS
AZE,AUT
AZE,BEL
AZE,BGR
AZE,BLR
AZE,BRA
AZE,CAN
AZE,CHE
AZE,CHL
AZE,CHN
AZE,COD
AZE,COL
AZE,CUB
AZE,CYM
AZE,CYP
AZE,CZE
AZE,DEU
AZE,EGY
AZE,ESP
AZE,EST
AZE,ETH
AZE,FIN
AZE,FRA
AZE,FSM
AZE,GBR
AZE,GEO
AZE,GHA
AZE,GRC
AZE,GRD
AZE,HRV
AZE,HUN
AZE,IDN
AZE,IND
AZE,IRL
AZE,IRN
AZE,IRQ
AZE,ISR
AZE,ITA
AZE,JOR
AZE,JPN
AZE,KAZ
AZE,KEN
AZE,KGZ
AZE,KOR
AZE,KWT
AZE,LBN
AZE,LBY
AZE,LTU
AZE,LVA
AZE,MDA
AZE,MDV
AZE,MEX
AZE,MKD
AZE,MNG
AZE,MYS
AZE,NER
AZE,NGA
AZE,NLD
AZE,NOR
AZE,NPL
AZE,NZL
AZE,PAK
AZE,PAN
AZE,PER
AZE,PHL
AZE,PNG
AZE,POL
AZE,PRT
AZE,PRY
AZE,PSE
AZE,QAT
AZE,RUS
AZE,SAU
AZE,SDN
AZE,SGP
AZE,SOM
AZE,SRB
AZE,SWE
AZE,SYR
AZE,THA
AZE,TJK
AZE,TKM
AZE,TUN
AZE,TUR
AZE,TWN
AZE,UGA
AZE,UKR
AZE,URY
AZE,USA
AZE,UZB
AZE,VAT
AZE,VCT
AZE,VNM
AZE,YEM
AZE,ZAF
BDI,AFG
BDI,AGO
BDI,AUS
BDI,BEL
BDI,BFA
BDI,CAF
BDI,CAN
BDI,CHE
BDI,CHN
BDI,CIV
BDI,COD
BDI,COG
BDI,COL
BDI,COM
BDI,DEU
BDI,DJI
BDI,EGY
BDI,ERI
BDI,ESP
BDI,ETH
BDI,FRA
BDI,FSM
BDI,GAB
BDI,GBR
BDI,GHA
BDI,GIN
BDI,HTI
BDI,IND
BDI,IRL
BDI,IRQ
BDI,ITA
BDI,JPN
BDI,KEN
BDI,KHM
BDI,LBR
BDI,LBY
BDI,LSO
BDI,MAR
BDI,MDA
BDI,MDG
BDI,MLI
BDI,MMR
BDI,MOZ
BDI,MWI
BDI,MYS
BDI,NAM
BDI,NGA
BDI,NLD
BDI,NOR
BDI,NPL
BDI,PAK
BDI,PHL
BDI,PRK
BDI,PRT
BDI,PRY
BDI,RUS
BDI,RWA
BDI,SAU
BDI,SDN
BDI,SEN
BDI,SLE
BDI,SLV
BDI,SOM
BDI,SWE
BDI,SYC
BDI,TCD
BDI,TZA
BDI,UGA
BDI,USA
BDI,ZAF
BDI,ZMB
BEL,AFG
BEL,AGO
BEL,ALB
BEL,ARE
BEL,ARG
BEL,ARM
BEL,AUS
BEL,AUT
BEL,AZE
BEL,BDI
BEL,BFA
BEL,BGD
BEL,BGR
BEL,BHS
BEL,BLR
BEL,BLZ
BEL,BOL
BEL,BRA
BEL,BRB
BEL,BTN
BEL,BWA
BEL,CAF
BEL,CAN
BEL,CHE
BEL,CHL
BEL,CHN
BEL,CIV
BEL,CMR
BEL,COD
BEL,COG
BEL,COL
BEL,CRI
BEL,CUB
BEL,CYP
BEL,CZE
BEL,DEU
BEL,DNK
BEL,DOM
BEL,DZA
BEL,ECU
BEL,EGY
BEL,ERI
BEL,ESP
BEL,EST
BEL,ETH
BEL,FIN
BEL,FRA
BEL,GAB
BEL,GBR
BEL,GHA
BEL,GIN
BEL,GMB
BEL,GRC
BEL,GRD
BEL,HRV
BEL,HTI
BEL,HUN
BEL,IDN
BEL,IND
BEL,IRL
BEL,IRN
BEL,IRQ
BEL,ISL
BEL,ISR
BEL,ITA
BEL,JAM
BEL,JOR
BEL,JPN
BEL,KAZ
BEL,KEN
BEL,KGZ
BEL,KHM
BEL,KOR
BEL,KWT
BEL,LAO
BEL,LBN
BEL,LBR
BEL,LBY
BEL,LIE
BEL,LKA
BEL,LTU
BEL,LUX
BEL,LVA
BEL,MAR
BEL,MCO
BEL,MDA
BEL,MDG
BEL,MDV
BEL,MEX
BEL,MKD
BEL,MLI
BEL,MLT
BEL,MMR
BEL,MOZ
BEL,MRT
BEL,MWI
BEL,MYS
BEL,NER
BEL,NGA
BEL,NLD
BEL,NOR
BEL,NPL
BEL,NZL
BEL,OMN
BEL,PAK
BEL,PER
BEL,PHL
BEL,PNG
BEL,POL
BEL,PRK
BEL,PRT
BEL,PSE
BEL,QAT
BEL,RUS
BEL,RWA
BEL,SAF
BEL,SAU
BEL,SDN
BEL,SEN
BEL,SGP
BEL,SLE
BEL,SOM
BEL,SRB
BEL,STP
BEL,SVK
BEL,SWE
BEL,SYC
BEL,SYR
BEL,TCD
BEL,TGO
BEL,THA
BEL,TJK
BEL,TUN
BEL,TUR
BEL,TZA
BEL,UGA
BEL,UKR
BEL,USA
BEL,UZB
BEL,VNM
BEL,WSM
BEL,YEM
BEL,ZAF
BEL,ZMB
BEL,ZWE
BEN,AFG
BEN,AGO
BEN,ARE
BEN,BEL
BEN,BFA
BEN,CAF
BEN,CAN
BEN,CHN
BEN,CIV
BEN,CMR
BEN,COD
BEN,COG
BEN,CPV
BEN,CUB
BEN,DEU
BEN,DNK
BEN,ESP
BEN,ETH
BEN,FJI
BEN,FRA
BEN,GAB
BEN,GBR
BEN,GHA
BEN,GIN
BEN,GMB
BEN,GNB
BEN,GNQ
BEN,HTI
BEN,IRL
BEN,ITA
BEN,JOR
BEN,JPN
BEN,KEN
BEN,KHM
BEN,KWT
BEN,LBN
BEN,LBR
BEN,MCO
BEN,MDG
BEN,MDV
BEN,MLI
BEN,MLT
BEN,MWI
BEN,MYS
BEN,NER
BEN,NGA
BEN,NLD
BEN,RWA
BEN,SDN
BEN,SEN
BEN,SLE
BEN,TCD
BEN,TGO
BEN,TZA
BEN,USA
BEN,ZMB
BEN,ZWE
BFA,AFG
BFA,AGO
BFA,ARE
BFA,AUS
BFA,BDI
BFA,BEL
BFA,BEN
BFA,CAF
BFA,CAN
BFA,CHE
BFA,CHN
BFA,CIV
BFA,CMR
BFA,COG
BFA,DEU
BFA,DNK
BFA,EGY
BFA,ESP
BFA,ETH
BFA,FRA
BFA,GAB
BFA,GHA
BFA,GIN
BFA,GMB
BFA,GNB
BFA,GNQ
BFA,HTI
BFA,ITA
BFA,JPN
BFA,LBN
BFA,LBR
BFA,LBY
BFA,LUX
BFA,MDG
BFA,MLI
BFA,MRT
BFA,MWI
BFA,NAM
BFA,NER
BFA,NGA
BFA,NIC
BFA,NLD
BFA,NPL
BFA,PSE
BFA,QAT
BFA,SDN
BFA,SEN
BFA,SLE
BFA,SOM
BFA,SWE
BFA,SWZ
BFA,TCD
BFA,TGO
BFA,TUR
BFA,TWN
BFA,TZA
BFA,UGA
BFA,USA
BFA,VAT
BFA,VEN
BFA,VNM
BFA,ZAF
BFA,ZMB
BFA,ZWE
BGD,AFG
BGD,AGO
BGD,ALB
BGD,ARE
BGD,ARG
BGD,ARM
BGD,ATG
BGD,AUS
BGD,AUT
BGD,BDI
BGD,BEL
BGD,BEN
BGD,BHR
BGD,BLZ
BGD,BRA
BGD,BRB
BGD,BRN
BGD,BTN
BGD,CAF
BGD,CAN
BGD,CHE
BGD,CHN
BGD,CIV
BGD,COD
BGD,COG
BGD,COL
BGD,CUB
BGD,CYM
BGD,CYP
BGD,DEU
BGD,DJI
BGD,DNK
BGD,DZA
BGD,ECU
BGD,EGY
BGD,ESP
BGD,ETH
BGD,FIN
BGD,FJI
BGD,FRA
BGD,GBR
BGD,GHA
BGD,GIN
BGD,GRC
BGD,GTM
BGD,HRV
BGD,HTI
BGD,IDN
BGD,IND
BGD,IRL
BGD,IRN
BGD,IRQ
BGD,ISR
BGD,ITA
BGD,JAM
BGD,JOR
BGD,JPN
BGD,KEN
BGD,KGZ
BGD,KHM
BGD,KIR
BGD,KOR
BGD,KWT
BGD,LBN
BGD,LBR
BGD,LBY
BGD,LKA
BGD,LUX
BGD,MAR
BGD,MDA
BGD,MDG
BGD,MDV
BGD,MEX
BGD,MLI
BGD,MMR
BGD,MNG
BGD,MOZ
BGD,MUS
BGD,MWI
BGD,MYS
BGD,NAM
BGD,NGA
BGD,NLD
BGD,NOR
BGD,NPL
BGD,NZL
BGD,OMN
BGD,PAK
BGD,PHL
BGD,POL
BGD,PRK
BGD,PRT
BGD,PSE
BGD,QAT
BGD,RUS
BGD,RWA
BGD,SAU
BGD,SDN
BGD,SGP
BGD,SLE
BGD,SOM
BGD,SRB
BGD,SVK
BGD,SWE
BGD,SYC
BGD,SYR
BGD,TCD
BGD,THA
BGD,TJK
BGD,TKM
BGD,TTO
BGD,TUN
BGD,TUR
BGD,TWN
BGD,TZA
BGD,UGA
BGD,UKR
BGD,USA
BGD,UZB
BGD,VAT
BGD,VEN
BGD,VNM
BGD,YEM
BGD,ZAF
BGD,ZMB
BGD,ZWE
BGR,AFG
BGR,AGO
BGR,ALB
BGR,ARE
BGR,ARM
BGR,AUS
BGR,AUT
BGR,AZE
BGR,BEL
BGR,BGD
BGR,BHR
BGR,BLR
BGR,BRA
BGR,CAN
BGR,CHE
BGR,CHL
BGR,CHN
BGR,CMR
BGR,COL
BGR,CRI
BGR,CUB
BGR,CYP
BGR,CZE
BGR,DEU
BGR,DNK
BGR,DOM
BGR,DZA
BGR,ECU
BGR,EGY
BGR,ESP
BGR,EST
BGR,ETH
BGR,FIN
BGR,FRA
BGR,FSM
BGR,GBR
BGR,GHA
BGR,GIN
BGR,GRC
BGR,GRD
BGR,GUY
BGR,HND
BGR,HRV
BGR,HTI
BGR,HUN
BGR,IDN
BGR,IND
BGR,IRL
BGR,IRN
BGR,IRQ
BGR,ISL
BGR,ISR
BGR,ITA
BGR,JOR
BGR,JPN
BGR,KAZ
BGR,KEN
BGR,KGZ
BGR,KHM
BGR,KOR
BGR,KWT
BGR,LAO
BGR,LBN
BGR,LBR
BGR,LBY
BGR,LIE
BGR,LKA
BGR,LTU
BGR,LUX
BGR,LVA
BGR,MAR
BGR,MDA
BGR,MDV
BGR,MEX
BGR,MKD
BGR,MLI
BGR,MLT
BGR,MMR
BGR,MNG
BGR,MOZ
BGR,MYS
BGR,NAM
BGR,NGA
BGR,NIC
BGR,NLD
BGR,NOR
BGR,NPL
BGR,NRU
BGR,OMN
BGR,PAK
BGR,PHL
BGR,POL
BGR,PRT
BGR,PSE
BGR,QAT
BGR,RUS
BGR,SAU
BGR,SDN
BGR,SLV
BGR,SOM
BGR,SRB
BGR,SVK
BGR,SWE
BGR,SYR
BGR,THA
BGR,TJK
BGR,TKM
BGR,TTO
BGR,TUN
BGR,TUR
BGR,TZA
BGR,UGA
BGR,UKR
BGR,URY
BGR,USA
BGR,VAT
BGR,VEN
BGR,VNM
BGR,WSM
BGR,ZAF
BGR,ZMB
BGR,ZWE
BHR,AFG
BHR,ALB
BHR,ARE
BHR,AUS
BHR,AZE
BHR,BEL
BHR,BGD
BHR,BOL
BHR,BRA
BHR,BRN
BHR,CAN
BHR,CHE
BHR,CHN
BHR,DEU
BHR,DNK
BHR,DZA
BHR,EGY
BHR,ESP
BHR,FIN
BHR,FRA
BHR,FSM
BHR,GBR
BHR,HTI
BHR,HUN
BHR,IDN
BHR,IND
BHR,IRL
BHR,IRN
BHR,IRQ
BHR,ISR
BHR,ITA
BHR,JOR
BHR,JPN
BHR,KAZ
BHR,KEN
BHR,KOR
BHR,KWT
BHR,LBN
BHR,LBY
BHR,LKA
BHR,LUX
BHR,MAR
BHR,MDV
BHR,MEX
BHR,MLI
BHR,MLT
BHR,MNG
BHR,MYS
BHR,NGA
BHR,NLD
BHR,NPL
BHR,OMN
BHR,PAK
BHR,PHL
BHR,POL
BHR,PRK
BHR,PSE
BHR,QAT
BHR,RUS
BHR,SAU
BHR,SDN
BHR,SEN
BHR,SOM
BHR,SWE
BHR,SYR
BHR,TCD
BHR,THA
BHR,TKM
BHR,TUR
BHR,TWN
BHR,UGA
BHR,UKR
BHR,USA
BHR,VNM
BHR,YEM
BHR,ZAF
BHS,ABW
BHS,AFG
BHS,ARE
BHS,ARG
BHS,ATG
BHS,AUS
BHS,BEL
BHS,BMU
BHS,BRA
BHS,BRB
BHS,CAN
BHS,CHE
BHS,CHL
BHS,CHN
BHS,COL
BHS,CRI
BHS,CUB
BHS,CYM
BHS,CZE
BHS,DEU
BHS,DMA
BHS,DNK
BHS,DOM
BHS,ESP
BHS,FIN
BHS,FRA
BHS,GBR
BHS,GRC
BHS,GRD
BHS,GUY
BHS,HTI
BHS,IRL
BHS,IRN
BHS,IRQ
BHS,ISR
BHS,ITA
BHS,JAM
BHS,JOR
BHS,JPN
BHS,KNA
BHS,KOR
BHS,LBR
BHS,LBY
BHS,LCA
BHS,MCO
BHS,MDA
BHS,MDV
BHS,MEX
BHS,MLT
BHS,NAM
BHS,NIC
BHS,NOR
BHS,NZL
BHS,PAN
BHS,PHL
BHS,RUS
BHS,SLE
BHS,SLV
BHS,SYC
BHS,TTO
BHS,TUR
BHS,USA
BHS,VCT
BHS,VNM
BLR,AFG
BLR,AGO
BLR,ALB
BLR,ARE
BLR,ARM
BLR,AUS
BLR,AUT
BLR,AZE
BLR,BEL
BLR,BGD
BLR,BGR
BLR,BRA
BLR,CAN
BLR,CHE
BLR,CHN
BLR,CIV
BLR,COD
BLR,CUB
BLR,CZE
BLR,DEU
BLR,ECU
BLR,EGY
BLR,ESP
BLR,EST
BLR,ETH
BLR,FIN
BLR,FRA
BLR,FSM
BLR,GBR
BLR,GRC
BLR,HUN
BLR,IND
BLR,IRN
BLR,IRQ
BLR,ISR
BLR,ITA
BLR,JPN
BLR,KAZ
BLR,KGZ
BLR,KHM
BLR,KWT
BLR,LBN
BLR,LBY
BLR,LKA
BLR,LTU
BLR,LVA
BLR,MAR
BLR,MCO
BLR,MDA
BLR,MHL
BLR,MMR
BLR,MOZ
BLR,NIC
BLR,NPL
BLR,NZL
BLR,PAK
BLR,PHL
BLR,POL
BLR,PRK
BLR,PSE
BLR,QAT
BLR,RUS
BLR,SDN
BLR,SGP
BLR,SRB
BLR,SWE
BLR,SYR
BLR,THA
BLR,TJK
BLR,TKM
BLR,TUN
BLR,TUR
BLR,UGA
BLR,UKR
BLR,USA
BLR,UZB
BLR,VEN
BLR,VNM
BLR,ZWE
BLZ,AFG
BLZ,ARE
BLZ,ATG
BLZ,BEL
BLZ,BGD
BLZ,BOL
BLZ,BRB
BLZ,CAN
BLZ,CHN
BLZ,COL
BLZ,CRI
BLZ,CUB
BLZ,CYM
BLZ,CYP
BLZ,DMA
BLZ,EGY
BLZ,ESP
BLZ,FSM
BLZ,GBR
BLZ,GRC
BLZ,GRD
BLZ,GTM
BLZ,GUY
BLZ,HND
BLZ,HTI
BLZ,IRL
BLZ,IRQ
BLZ,ISR
BLZ,ITA
BLZ,JAM
BLZ,JPN
BLZ,KEN
BLZ,KNA
BLZ,LBN
BLZ,MDV
BLZ,MEX
BLZ,MYS
BLZ,NAM
BLZ,NGA
BLZ,NIC
BLZ,NLD
BLZ,NRU
BLZ,NZL
BLZ,PAN
BLZ,RUS
BLZ,SAU
BLZ,SLE
BLZ,SYC
BLZ,TTO
BLZ,TWN
BLZ,URY
BLZ,USA
BLZ,VEN
BLZ,ZAF
BMU,AFG
BMU,ARE
BMU,AUS
BMU,BGD
BMU,BOL
BMU,BRA
BMU,CAN
BMU,CHE
BMU,CHN
BMU,COD
BMU,COG
BMU,CRI
BMU,CUB
BMU,CYM
BMU,DEU
BMU,DMA
BMU,DNK
BMU,EGY
BMU,GBR
BMU,GRC
BMU,GRD
BMU,GUY
BMU,HTI
BMU,IDN
BMU,IND
BMU,IRL
BMU,IRN
BMU,IRQ
BMU,ISR
BMU,ITA
BMU,JAM
BMU,JPN
BMU,KEN
BMU,LBN
BMU,LCA
BMU,LUX
BMU,MCO
BMU,MLI
BMU,MMR
BMU,NGA
BMU,NIC
BMU,NPL
BMU,NZL
BMU,PAK
BMU,PHL
BMU,POL
BMU,QAT
BMU,RUS
BMU,SAU
BMU,SLV
BMU,SWE
BMU,THA
BMU,TTO
BMU,TUR
BMU,TWN
BMU,USA
BMU,VCT
BMU,ZWE
BOL,AFG
BOL,ARG
BOL,ATG
BOL,AUS
BOL,AUT
BOL,BEN
BOL,BFA
BOL,BGD
BOL,BRA
BOL,BRB
BOL,CAN
BOL,CHE
BOL,CHL
BOL,CHN
BOL,CMR
BOL,COL
BOL,CRI
BOL,CUB
BOL,CYM
BOL,DEU
BOL,ECU
BOL,EGY
BOL,ESP
BOL,ETH
BOL,FIN
BOL,FRA
BOL,GBR
BOL,GHA
BOL,GMB
BOL,GRD
BOL,GTM
BOL,GUY
BOL,HND
BOL,HRV
BOL,HTI
BOL,IDN
BOL,IRL
BOL,IRN
BOL,IRQ
BOL,ISR
BOL,ITA
BOL,JAM
BOL,JPN
BOL,KGZ
BOL,KHM
BOL,KOR
BOL,LBN
BOL,MAR
BOL,MDG
BOL,MDV
BOL,MEX
BOL,MLI
BOL,MLT
BOL,MOZ
BOL,MRT
BOL,NAM
BOL,NER
BOL,NGA
BOL,NIC
BOL,NLD
BOL,NOR
BOL,NZL
BOL,PAK
BOL,PAN
BOL,PER
BOL,PHL
BOL,PRY
BOL,PSE
BOL,RUS
BOL,RWA
BOL,SAM
BOL,SAU
BOL,SEN
BOL,SGP
BOL,SLV
BOL,SYR
BOL,THA
BOL,TTO
BOL,TZA
BOL,UGA
BOL,URY
BOL,USA
BOL,VEN
BOL,VNM
BOL,YEM
BOL,ZMB
BRA,ABW
BRA,AFG
BRA,AGO
BRA,ARE
BRA,ARG
BRA,ARM
BRA,AUS
BRA,AUT
BRA,AZE
BRA,BDI
BRA,BEL
BRA,BEN
BRA,BFA
BRA,BGD
BRA,BGR
BRA,BHS
BRA,BLZ
BRA,BOL
BRA,CAF
BRA,CAN
BRA,CHE
BRA,CHL
BRA,CHN
BRA,CIV
BRA,CMR
BRA,COD
BRA,COG
BRA,COL
BRA,COM
BRA,CPV
BRA,CRI
BRA,CUB
BRA,CYM
BRA,CYP
BRA,CZE
BRA,DEU
BRA,DMA
BRA,DNK
BRA,DOM
BRA,DZA
BRA,ECU
BRA,EGY
BRA,ESP
BRA,EST
BRA,ETH
BRA,FIN
BRA,FJI
BRA,FRA
BRA,GAB
BRA,GBR
BRA,GHA
BRA,GIN
BRA,GMB
BRA,GNB
BRA,GNQ
BRA,GRC
BRA,GRD
BRA,GTM
BRA,GUY
BRA,HKG
BRA,HND
BRA,HTI
BRA,HUN
BRA,IDN
BRA,IND
BRA,IRL
BRA,IRN
BRA,IRQ
BRA,ISR
BRA,ITA
BRA,JAM
BRA,JOR
BRA,JPN
BRA,KAZ
BRA,KEN
BRA,KHM
BRA,KOR
BRA,KWT
BRA,LBN
BRA,LBR
BRA,LBY
BRA,LCA
BRA,LKA
BRA,LUX
BRA,MAR
BRA,MCO
BRA,MDG
BRA,MDV
BRA,MEX
BRA,MLI
BRA,MLT
BRA,MMR
BRA,MNG
BRA,MOZ
BRA,MRT
BRA,MWI
BRA,MYS
BRA,NAM
BRA,NGA
BRA,NIC
BRA,NLD
BRA,NOR
BRA,NPL
BRA,NZL
BRA,OMN
BRA,PAK
BRA,PAN
BRA,PER
BRA,PHL
BRA,POL
BRA,PRK
BRA,PRT
BRA,PRY
BRA,PSE
BRA,QAT
BRA,RUS
BRA,RWA
BRA,SAF
BRA,SAM
BRA,SAU
BRA,SDN
BRA,SEN
BRA,SGP
BRA,SLE
BRA,SLV
BRA,SOM
BRA,SRB
BRA,STP
BRA,SUR
BRA,SWE
BRA,SYC
BRA,SYR
BRA,TCD
BRA,TGO
BRA,THA
BRA,TJK
BRA,TTO
BRA,TUN
BRA,TUR
BRA,TWN
BRA,TZA
BRA,UGA
BRA,UKR
BRA,URY
BRA,USA
BRA,VAT
BRA,VCT
BRA,VEN
BRA,VNM
BRA,VUT
BRA,WSM
BRA,YEM
BRA,ZAF
BRA,ZMB
BRA,ZWE
BRB,AIA
BRB,ATG
BRB,AUS
BRB,BEL
BRB,BGD
BRB,BHS
BRB,BLZ
BRB,BMU
BRB,BTN
BRB,CAN
BRB,CHL
BRB,CHN
BRB,CUB
BRB,CYM
BRB,DEU
BRB,DMA
BRB,DOM
BRB,ESP
BRB,FRA
BRB,GBR
BRB,GHA
BRB,GRD
BRB,GUY
BRB,HTI
BRB,IRL
BRB,IRN
BRB,JAM
BRB,JPN
BRB,KEN
BRB,KIR
BRB,KNA
BRB,LBR
BRB,LCA
BRB,MDV
BRB,NAM
BRB,NER
BRB,NGA
BRB,NLD
BRB,NPL
BRB,NZL
BRB,POL
BRB,RUS
BRB,RWA
BRB,SUR
BRB,TCD
BRB,TTO
BRB,TWN
BRB,TZA
BRB,UGA
BRB,USA
BRB,VCT
BRB,VEN
BRB,VNM
BRB,ZAF
BRN,ARE
BRN,ARG
BRN,AUS
BRN,BGD
BRN,BHR
BRN,CAN
BRN,CHE
BRN,CHN
BRN,COL
BRN,CYP
BRN,DEU
BRN,ECU
BRN,ERI
BRN,ESP
BRN,FRA
BRN,GBR
BRN,IDN
BRN,IND
BRN,IRN
BRN,IRQ
BRN,ISR
BRN,ITA
BRN,JOR
BRN,JPN
BRN,KHM
BRN,KOR
BRN,KWT
BRN,LAO
BRN,LBN
BRN,MDV
BRN,MMR
BRN,MNG
BRN,MYS
BRN,NER
BRN,NIC
BRN,NLD
BRN,NPL
BRN,NZL
BRN,OMN
BRN,PAK
BRN,PHL
BRN,PSE
BRN,QAT
BRN,RUS
BRN,SAU
BRN,SGP
BRN,SLE
BRN,SOM
BRN,SWE
BRN,SYR
BRN,TCD
BRN,THA
BRN,TUR
BRN,TWN
BRN,USA
BRN,VNM
BTN,AUS
BTN,AUT
BTN,AZE
BTN,BEL
BTN,BGD
BTN,BRA
BTN,BRB
BTN,CAN
BTN,CHN
BTN,CRI
BTN,CZE
BTN,DEU
BTN,DNK
BTN,FIN
BTN,FRA
BTN,GBR
BTN,GHA
BTN,IND
BTN,IRQ
BTN,ITA
BTN,JPN
BTN,KEN
BTN,KIR
BTN,LKA
BTN,MDV
BTN,MMR
BTN,NLD
BTN,NOR
BTN,NPL
BTN,NZL
BTN,PAK
BTN,PHL
BTN,POL
BTN,QAT
BTN,RUS
BTN,RWA
BTN,SGP
BTN,SOM
BTN,THA
BTN,TUR
BTN,TZA
BTN,USA
BTN,VNM
BWA,AGO
BWA,AUS
BWA,AUT
BWA,BEN
BWA,BGD
BWA,CAN
BWA,CHE
BWA,CHN
BWA,CMR
BWA,COD
BWA,COG
BWA,CPV
BWA,DEU
BWA,DNK
BWA,DZA
BWA,EGY
BWA,ERI
BWA,ETH
BWA,FSM
BWA,GBR
BWA,GHA
BWA,GRD
BWA,HTI
BWA,IRQ
BWA,ISR
BWA,ITA
BWA,JPN
BWA,KEN
BWA,KOR
BWA,KWT
BWA,LBN
BWA,LBR
BWA,LBY
BWA,LKA
BWA,LSO
BWA,MDV
BWA,MOZ
BWA,MWI
BWA,MYS
BWA,NAM
BWA,NER
BWA,NGA
BWA,NLD
BWA,NOR
BWA,PER
BWA,PHL
BWA,PRT
BWA,RUS
BWA,RWA
BWA,SAF
BWA,SDN
BWA,SEN
BWA,SOM
BWA,STP
BWA,SWE
BWA,SWZ
BWA,SYC
BWA,TTO
BWA,TUN
BWA,TZA
BWA,UGA
BWA,USA
BWA,ZAF
BWA,ZMB
BWA,ZWE
CAF,AFG
CAF,AGO
CAF,BDI
CAF,BEL
CAF,BEN
CAF,BFA
CAF,BRA
CAF,CHE
CAF,CHN
CAF,CMR
CAF,COD
CAF,COG
CAF,CZE
CAF,DEU
CAF,ESP
CAF,ETH
CAF,FIN
CAF,FRA
CAF,GAB
CAF,GBR
CAF,GHA
CAF,GIN
CAF,GNB
CAF,GNQ
CAF,HTI
CAF,IRQ
CAF,ITA
CAF,JPN
CAF,KAZ
CAF,KEN
CAF,LBR
CAF,LBY
CAF,LSO
CAF,MAR
CAF,MDG
CAF,MLI
CAF,MRT
CAF,MWI
CAF,NER
CAF,NGA
CAF,NLD
CAF,NOR
CAF,NZL
CAF,PAK
CAF,PHL
CAF,POL
CAF,PRT
CAF,PSE
CAF,QAT
CAF,RWA
CAF,SAF
CAF,SDN
CAF,SEN
CAF,SOM
CAF,STP
CAF,SYR
CAF,TCD
CAF,TGO
CAF,TUR
CAF,UGA
CAF,USA
CAF,VAT
CAF,VEN
CAF,ZAF
CAF,ZMB
CAF,ZWE
CAN,AFG
CAN,AGO
CAN,ALB
CAN,AND
CAN,ARE
CAN,ARG
CAN,ARM
CAN,ATG
CAN,AUS
CAN,AUT
CAN,AZE
CAN,BDI
CAN,BEL
CAN,BEN
CAN,BFA
CAN,BGD
CAN,BGR
CAN,BHR
CAN,BHS
CAN,BLR
CAN,BLZ
CAN,BMU
CAN,BOL
CAN,BRA
CAN,BRB
CAN,BRN
CAN,BTN
CAN,BWA
CAN,CAF
CAN,CHE
CAN,CHL
CAN,CHN
CAN,CIV
CAN,CMR
CAN,COD
CAN,COG
CAN,COK
CAN,COL
CAN,CRI
CAN,CUB
CAN,CYM
CAN,CYP
CAN,CZE
CAN,DEU
CAN,DJI
CAN,DMA
CAN,DNK
CAN,DOM
CAN,DZA
CAN,ECU
CAN,EGY
CAN,ERI
CAN,ESP
CAN,EST
CAN,ETH
CAN,FIN
CAN,FJI
CAN,FRA
CAN,FSM
CAN,GBR
CAN,GHA
CAN,GIN
CAN,GMB
CAN,GRC
CAN,GRD
CAN,GTM
CAN,GUY
CAN,HND
CAN,HRV
CAN,HTI
CAN,HUN
CAN,IDN
CAN,IND
CAN,IRL
CAN,IRN
CAN,IRQ
CAN,ISL
CAN,ISR
CAN,ITA
CAN,JAM
CAN,JOR
CAN,JPN
CAN,KAZ
CAN,KEN
CAN,KGZ
CAN,KHM
CAN,KNA
CAN,KOR
CAN,KWT
CAN,LAO
CAN,LBN
CAN,LBR
CAN,LBY
CAN,LCA
CAN,LIE
CAN,LKA
CAN,LTU
CAN,LUX
CAN,LVA
CAN,MAC
CAN,MAR
CAN,MCO
CAN,MDA
CAN,MDG
CAN,MDV
CAN,MEX
CAN,MKD
CAN,MLI
CAN,MLT
CAN,MMR
CAN,MNG
CAN,MOZ
CAN,MRT
CAN,MUS
CAN,MWI
CAN,MYS
CAN,NAM
CAN,NER
CAN,NGA
CAN,NIC
CAN,NLD
CAN,NOR
CAN,NPL
CAN,NZL
CAN,OMN
CAN,PAK
CAN,PAN
CAN,PER
CAN,PHL
CAN,PNG
CAN,POL
CAN,PRK
CAN,PRT
CAN,PRY
CAN,PSE
CAN,QAT
CAN,RUS
CAN,RWA
CAN,SAF
CAN,SAU
CAN,SDN
CAN,SEN
CAN,SGP
CAN,SLB
CAN,SLE
CAN,SLV
CAN,SOM
CAN,SRB
CAN,SUR
CAN,SVK
CAN,SWE
CAN,SWZ
CAN,SYC
CAN,SYR
CAN,TCD
CAN,TGO
CAN,THA
CAN,TJK
CAN,TKM
CAN,TON
CAN,TTO
CAN,TUN
CAN,TUR
CAN,TWN
CAN,TZA
CAN,UGA
CAN,UKR
CAN,URY
CAN,USA
CAN,UZB
CAN,VAT
CAN,VCT
CAN,VEN
CAN,VNM
CAN,YEM
CAN,ZAF
CAN,ZMB
CAN,ZWE
CAU,USA
CHE,AFG
CHE,AGO
CHE,ALB
CHE,ARE
CHE,ARG
CHE,ARM
CHE,ATG
CHE,AUS
CHE,AUT
CHE,AZE
CHE,BDI
CHE,BEL
CHE,BEN
CHE,BFA
CHE,BGD
CHE,BGR
CHE,BHR
CHE,BHS
CHE,BLR
CHE,BMU
CHE,BOL
CHE,BRA
CHE,BRB
CHE,BTN
CHE,BWA
CHE,CAF
CHE,CAN
CHE,CHL
CHE,CHN
CHE,CIV
CHE,CMR
CHE,COD
CHE,COG
CHE,COL
CHE,CRI
CHE,CUB
CHE,CYM
CHE,CYP
CHE,CZE
CHE,DEU
CHE,DJI
CHE,DNK
CHE,DOM
CHE,DZA
CHE,ECU
CHE,EGY
CHE,ERI
CHE,ESP
CHE,EST
CHE,ETH
CHE,FIN
CHE,FRA
CHE,FSM
CHE,GAB
CHE,GBR
CHE,GHA
CHE,GIN
CHE,GMB
CHE,GNB
CHE,GNQ
CHE,GRC
CHE,GRD
CHE,GTM
CHE,GUY
CHE,HND
CHE,HRV
CHE,HTI
CHE,HUN
CHE,IDN
CHE,IND
CHE,IRL
CHE,IRN
CHE,IRQ
CHE,ISL
CHE,ISR
CHE,ITA
CHE,JAM
CHE,JOR
CHE,JPN
CHE,KAZ
CHE,KEN
CHE,KGZ
CHE,KHM
CHE,KOR
CHE,KWT
CHE,LAO
CHE,LBN
CHE,LBR
CHE,LBY
CHE,LIE
CHE,LKA
CHE,LSO
CHE,LTU
CHE,LUX
CHE,LVA
CHE,MAR
CHE,MCO
CHE,MDA
CHE,MDG
CHE,MDV
CHE,MEX
CHE,MKD
CHE,MLI
CHE,MLT
CHE,MMR
CHE,MNG
CHE,MOZ
CHE,MWI
CHE,MYS
CHE,NAM
CHE,NER
CHE,NGA
CHE,NIC
CHE,NLD
CHE,NOR
CHE,NPL
CHE,NZL
CHE,OMN
CHE,PAK
CHE,PAN
CHE,PER
CHE,PHL
CHE,PNG
CHE,POL
CHE,PRK
CHE,PRT
CHE,PSE
CHE,QAT
CHE,RUS
CHE,RWA
CHE,SAF
CHE,SAU
CHE,SDN
CHE,SEN
CHE,SGP
CHE,SLE
CHE,SLV
CHE,SOM
CHE,SRB
CHE,SVK
CHE,SWE
CHE,SWZ
CHE,SYC
CHE,SYR
CHE,TCD
CHE,TGO
CHE,THA
CHE,TJK
CHE,TON
CHE,TUN
CHE,TUR
CHE,TWN
CHE,TZA
CHE,UGA
CHE,UKR
CHE,URY
CHE,USA
CHE,UZB
CHE,VAT
CHE,VCT
CHE,VEN
CHE,VNM
CHE,YEM
CHE,ZAF
CHE,ZMB
CHE,ZWE
CHL,AGO
CHL,ARE
CHL,ARG
CHL,ATG
CHL,AUS
CHL,AUT
CHL,BDI
CHL,BEL
CHL,BGD
CHL,BGR
CHL,BHS
CHL,BMU
CHL,BOL
CHL,BRA
CHL,CAF
CHL,CAN
CHL,CHE
CHL,CHN
CHL,CMR
CHL,COD
CHL,COL
CHL,CRI
CHL,CUB
CHL,CYM
CHL,DEU
CHL,DOM
CHL,ECU
CHL,EGY
CHL,ESP
CHL,EST
CHL,FIN
CHL,FJI
CHL,FRA
CHL,FSM
CHL,GBR
CHL,GHA
CHL,GMB
CHL,GNB
CHL,GNQ
CHL,GRC
CHL,GUY
CHL,HND
CHL,HRV
CHL,HTI
CHL,HUN
CHL,IDN
CHL,IND
CHL,IRL
CHL,IRQ
CHL,ISR
CHL,ITA
CHL,JAM
CHL,JOR
CHL,JPN
CHL,KAZ
CHL,KEN
CHL,KGZ
CHL,KHM
CHL,KOR
CHL,KWT
CHL,LAO
CHL,LBN
CHL,LBR
CHL,LBY
CHL,LCA
CHL,LKA
CHL,LUX
CHL,MAR
CHL,MCO
CHL,MEX
CHL,MLT
CHL,MMR
CHL,MOZ
CHL,MYS
CHL,NAM
CHL,NGA
CHL,NIC
CHL,NLD
CHL,NOR
CHL,NPL
CHL,NZL
CHL,OMN
CHL,PAK
CHL,PAN
CHL,PER
CHL,PHL
CHL,POL
CHL,PRK
CHL,PRT
CHL,PRY
CHL,PSE
CHL,QAT
CHL,RUS
CHL,SAU
CHL,SEN
CHL,SGP
CHL,SLE
CHL,SLV
CHL,SOM
CHL,SRB
CHL,SUR
CHL,SWE
CHL,SYR
CHL,THA
CHL,TJK
CHL,TTO
CHL,TUR
CHL,UGA
CHL,UKR
CHL,URY
CHL,USA
CHL,UZB
CHL,VAT
CHL,VEN
CHL,VNM
CHL,ZAF
CHL,ZMB
CHL,ZWE
CHN,AFG
CHN,AGO
CHN,ALB
CHN,ARE
CHN,ARG
CHN,ARM
CHN,ATG
CHN,AUS
CHN,AUT
CHN,AZE
CHN,BDI
CHN,BEL
CHN,BEN
CHN,BFA
CHN,BGD
CHN,BGR
CHN,BHR
CHN,BHS
CHN,BLR
CHN,BLZ
CHN,BMU
CHN,BOL
CHN,BRA
CHN,BRB
CHN,BRN
CHN,BTN
CHN,BWA
CHN,CAF
CHN,CAN
CHN,CHE
CHN,CHL
CHN,CIV
CHN,CMR
CHN,COD
CHN,COG
CHN,COK
CHN,COL
CHN,COM
CHN,CPV
CHN,CRI
CHN,CUB
CHN,CYM
CHN,CYP
CHN,CZE
CHN,DEU
CHN,DJI
CHN,DMA
CHN,DNK
CHN,DOM
CHN,DZA
CHN,ECU
CHN,EGY
CHN,ERI
CHN,ESP
CHN,EST
CHN,ETH
CHN,FIN
CHN,FJI
CHN,FRA
CHN,FSM
CHN,GAB
CHN,GBR
CHN,GHA
CHN,GIN
CHN,GMB
CHN,GNB
CHN,GNQ
CHN,GRC
CHN,GRD
CHN,GTM
CHN,GUY
CHN,HKG
CHN,HND
CHN,HRV
CHN,HTI
CHN,HUN
CHN,IDN
CHN,IND
CHN,IRL
CHN,IRN
CHN,IRQ
CHN,ISL
CHN,ISR
CHN,ITA
CHN,JAM
CHN,JOR
CHN,JPN
CHN,KAZ
CHN,KEN
CHN,KGZ
CHN,KHM
CHN,KOR
CHN,KWT
CHN,LAO
CHN,LBN
CHN,LBR
CHN,LBY
CHN,LCA
CHN,LIE
CHN,LKA
CHN,LSO
CHN,LTU
CHN,LUX
CHN,LVA
CHN,MAC
CHN,MAR
CHN,MCO
CHN,MDA
CHN,MDG
CHN,MDV
CHN,MEX
CHN,MKD
CHN,MLI
CHN,MLT
CHN,MMR
CHN,MNG
CHN,MOZ
CHN,MRT
CHN,MUS
CHN,MWI
CHN,MYS
CHN,NAM
CHN,NER
CHN,NGA
CHN,NIC
CHN,NLD
CHN,NOR
CHN,NPL
CHN,NRU
CHN,NZL
CHN,OMN
CHN,PAK
CHN,PAN
CHN,PER
CHN,PHL
CHN,PLW
CHN,PNG
CHN,POL
CHN,PRK
CHN,PRT
CHN,PRY
CHN,PSE
CHN,QAT
CHN,RUS
CHN,RWA
CHN,SAF
CHN,SAU
CHN,SDN
CHN,SEN
CHN,SGP
CHN,SLB
CHN,SLE
CHN,SLV
CHN,SOM
CHN,SRB
CHN,STP
CHN,SUR
CHN,SVK
CHN,SWE
CHN,SWZ
CHN,SYC
CHN,SYR
CHN,TCD
CHN,TGO
CHN,THA
CHN,TJK
CHN,TKM
CHN,TON
CHN,TTO
CHN,TUN
CHN,TUR
CHN,TWN
CHN,TZA
CHN,UGA
CHN,UKR
CHN,URY
CHN,USA
CHN,UZB
CHN,VAT
CHN,VCT
CHN,VEN
CHN,VNM
CHN,VUT
CHN,WSM
CHN,YEM
CHN,ZAF
CHN,ZMB
CHN,ZWE
CIV,AFG
CIV,AGO
CIV,AUS
CIV,BDI
CIV,BEL
CIV,BEN
CIV,BFA
CIV,BLR
CIV,BRA
CIV,CAF
CIV,CAN
CIV,CHE
CIV,CHN
CIV,CMR
CIV,COD
CIV,COG
CIV,DEU
CIV,EGY
CIV,ESP
CIV,ETH
CIV,FRA
CIV,FSM
CIV,GAB
CIV,GBR
CIV,GHA
CIV,GIN
CIV,GNB
CIV,GNQ
CIV,GRC
CIV,IRL
CIV,IRN
CIV,ISR
CIV,ITA
CIV,JAM
CIV,JPN
CIV,KEN
CIV,KOR
CIV,KWT
CIV,LBN
CIV,LBR
CIV,LBY
CIV,LSO
CIV,MAR
CIV,MDG
CIV,MEX
CIV,MLI
CIV,MWI
CIV,NER
CIV,NGA
CIV,NLD
CIV,PAK
CIV,PHL
CIV,PRT
CIV,RUS
CIV,RWA
CIV,SDN
CIV,SEN
CIV,SLE
CIV,SOM
CIV,SWZ
CIV,TGO
CIV,TUN
CIV,TUR
CIV,TZA
CIV,UGA
CIV,UKR
CIV,USA
CIV,ZAF
CIV,ZMB
CIV,ZWE
CMR,AFG
CMR,AGO
CMR,ARE
CMR,AUS
CMR,AUT
CMR,BDI
CMR,BEL
CMR,BEN
CMR,BFA
CMR,BWA
CMR,CAF
CMR,CAN
CMR,CHE
CMR,CHN
CMR,CIV
CMR,COD
CMR,COG
CMR,DEU
CMR,DNK
CMR,DZA
CMR,EGY
CMR,ESP
CMR,ETH
CMR,FRA
CMR,FSM
CMR,GAB
CMR,GBR
CMR,GHA
CMR,GIN
CMR,GNQ
CMR,IDN
CMR,IND
CMR,IRL
CMR,IRQ
CMR,ISR
CMR,ITA
CMR,JOR
CMR,JPN
CMR,KEN
CMR,KWT
CMR,LBR
CMR,LBY
CMR,MDG
CMR,MLI
CMR,MMR
CMR,MOZ
CMR,MWI
CMR,NER
CMR,NGA
CMR,NLD
CMR,POL
CMR,PRT
CMR,PSE
CMR,QAT
CMR,RUS
CMR,RWA
CMR,SAU
CMR,SDN
CMR,SEN
CMR,SLE
CMR,SWE
CMR,SYR
CMR,TCD
CMR,TGO
CMR,THA
CMR,TUR
CMR,TZA
CMR,UGA
CMR,USA
CMR,VNM
CMR,ZAF
CMR,ZMB
CMR,ZWE
COD,AFG
COD,AGO
COD,AUS
COD,AZE
COD,BDI
COD,BEL
COD,BEN
COD,BGD
COD,BLZ
COD,BRA
COD,BWA
COD,CAF
COD,CAN
COD,CHE
COD,CHN
COD,CIV
COD,CMR
COD,COG
COD,CUB
COD,DEU
COD,EGY
COD,ERI
COD,ESP
COD,ETH
COD,FIN
COD,FRA
COD,GAB
COD,GBR
COD,GHA
COD,GIN
COD,HTI
COD,IDN
COD,IND
COD,IRL
COD,IRN
COD,IRQ
COD,ISR
COD,ITA
COD,JAM
COD,JOR
COD,JPN
COD,KEN
COD,KWT
COD,LBN
COD,LBR
COD,LBY
COD,LSO
COD,MAR
COD,MCO
COD,MEX
COD,MLI
COD,MMR
COD,MOZ
COD,MWI
COD,NAM
COD,NGA
COD,NIC
COD,NLD
COD,NOR
COD,PAK
COD,PHL
COD,PRK
COD,PRT
COD,RUS
COD,RWA
COD,SAF
COD,SAU
COD,SDN
COD,SEN
COD,SLE
COD,SOM
COD,SYC
COD,TCD
COD,TGO
COD,THA
COD,TUN
COD,TUV
COD,TWN
COD,TZA
COD,UGA
COD,UKR
COD,URY
COD,USA
COD,YEM
COD,ZAF
COD,ZMB
COD,ZWE
COG,AFG
COG,AGO
COG,ARE
COG,AUT
COG,BDI
COG,BEL
COG,BEN
COG,BFA
COG,BGD
COG,BRA
COG,CAF
COG,CAN
COG,CHE
COG,CHN
COG,CIV
COG,CMR
COG,COD
COG,COL
COG,CUB
COG,CYM
COG,DEU
COG,DOM
COG,EGY
COG,ERI
COG,ESP
COG,ETH
COG,FIN
COG,FRA
COG,GAB
COG,GBR
COG,GHA
COG,GIN
COG,GNQ
COG,GRD
COG,HND
COG,HTI
COG,IDN
COG,IND
COG,IRL
COG,IRN
COG,IRQ
COG,ISR
COG,ITA
COG,KEN
COG,KWT
COG,LAO
COG,LBN
COG,LBR
COG,LBY
COG,MAR
COG,MDG
COG,MLI
COG,MMR
COG,MOZ
COG,MRT
COG,MYS
COG,NAM
COG,NER
COG,NGA
COG,NLD
COG,NOR
COG,PAK
COG,PER
COG,PHL
COG,PRT
COG,QAT
COG,RUS
COG,RWA
COG,SAF
COG,SDN
COG,SEN
COG,SLE
COG,SOM
COG,SYR
COG,TCD
COG,TGO
COG,TUR
COG,TZA
COG,UGA
COG,UKR
COG,USA
COG,VEN
COG,VNM
COG,ZAF
COG,ZMB
COG,ZWE
COK,AUS
COK,BEL
COK,BHS
COK,CHN
COK,CYM
COK,ESP
COK,FJI
COK,FRA
COK,GBR
COK,IRL
COK,JPN
COK,MHL
COK,NZL
COK,PHL
COK,PNG
COK,TON
COK,TUV
COK,USA
COK,VUT
COK,WSM
COL,ABW
COL,AFG
COL,AGO
COL,ARE
COL,ARG
COL,ARM
COL,ATG
COL,AUS
COL,AUT
COL,AZE
COL,BEL
COL,BGD
COL,BGR
COL,BLR
COL,BLZ
COL,BMU
COL,BOL
COL,BRA
COL,CAF
COL,CAN
COL,CHE
COL,CHL
COL,CHN
COL,COD
COL,CRI
COL,CUB
COL,CYM
COL,CZE
COL,DEU
COL,DMA
COL,DNK
COL,DOM
COL,ECU
COL,EGY
COL,ESP
COL,FJI
COL,FRA
COL,GBR
COL,GRC
COL,GRD
COL,GTM
COL,HND
COL,HRV
COL,HTI
COL,HUN
COL,IDN
COL,IND
COL,IRL
COL,IRN
COL,IRQ
COL,ISR
COL,ITA
COL,JAM
COL,JOR
COL,JPN
COL,KAZ
COL,KEN
COL,KGZ
COL,KOR
COL,LBN
COL,LCA
COL,LKA
COL,LVA
COL,MDV
COL,MEX
COL,MLI
COL,MMR
COL,MNG
COL,MYS
COL,NAM
COL,NGA
COL,NIC
COL,NLD
COL,NOR
COL,NPL
COL,NZL
COL,PAK
COL,PAN
COL,PER
COL,PHL
COL,POL
COL,PRT
COL,PRY
COL,PSE
COL,QAT
COL,RUS
COL,SAM
COL,SAU
COL,SDN
COL,SEN
COL,SLE
COL,SLV
COL,SRB
COL,SWE
COL,SYR
COL,THA
COL,TJK
COL,TKM
COL,TTO
COL,TUR
COL,TWN
COL,UGA
COL,UKR
COL,URY
COL,USA
COL,UZB
COL,VAT
COL,VEN
COL,VNM
COL,YEM
COL,ZAF
COM,CHN
COM,COG
COM,FRA
COM,GBR
COM,GHA
COM,IND
COM,ITA
COM,KEN
COM,KWT
COM,LSO
COM,MDG
COM,MLT
COM,MUS
COM,MWI
COM,QAT
COM,SAU
COM,SDN
COM,SEN
COM,SOM
COM,STP
COM,TZA
COM,UGA
COM,USA
COM,YEM
CPV,AGO
CPV,AUT
CPV,BGR
CPV,BRA
CPV,CHL
CPV,CHN
CPV,CRI
CPV,ESP
CPV,GBR
CPV,GHA
CPV,GMB
CPV,GNB
CPV,IND
CPV,JPN
CPV,KHM
CPV,LBY
CPV,LSO
CPV,MAR
CPV,MOZ
CPV,MRT
CPV,NAM
CPV,NLD
CPV,NOR
CPV,PRT
CPV,SEN
CPV,SLE
CPV,TUR
CPV,USA
CPV,VUT
CRB,USA
CRI,ARG
CRI,ATG
CRI,AUS
CRI,AZE
CRI,BGD
CRI,BGR
CRI,BLZ
CRI,BOL
CRI,BRA
CRI,BRB
CRI,CAN
CRI,CHE
CRI,CHL
CRI,CHN
CRI,COD
CRI,COL
CRI,CUB
CRI,DEU
CRI,DOM
CRI,ECU
CRI,EGY
CRI,ESP
CRI,FIN
CRI,FRA
CRI,GBR
CRI,GRC
CRI,GTM
CRI,HND
CRI,HTI
CRI,HUN
CRI,IDN
CRI,IRQ
CRI,ISR
CRI,JAM
CRI,JOR
CRI,KAZ
CRI,KEN
CRI,KHM
CRI,KOR
CRI,LAO
CRI,LCA
CRI,LKA
CRI,LUX
CRI,MEX
CRI,NGA
CRI,NIC
CRI,NLD
CRI,NOR
CRI,PAN
CRI,PER
CRI,PHL
CRI,POL
CRI,PRY
CRI,RUS
CRI,SGP
CRI,SLV
CRI,SWE
CRI,SYR
CRI,THA
CRI,TUR
CRI,TWN
CRI,UGA
CRI,UKR
CRI,URY
CRI,USA
CRI,VEN
CUB,AFG
CUB,AGO
CUB,ALB
CUB,ARE
CUB,ARG
CUB,ARM
CUB,ATG
CUB,AUS
CUB,AUT
CUB,AZE
CUB,BDI
CUB,BEL
CUB,BFA
CUB,BGD
CUB,BGR
CUB,BHS
CUB,BLR
CUB,BLZ
CUB,BOL
CUB,BRA
CUB,BRB
CUB,BWA
CUB,CAN
CUB,CHE
CUB,CHL
CUB,CHN
CUB,COD
CUB,COG
CUB,COL
CUB,CPV
CUB,CRI
CUB,CYM
CUB,CZE
CUB,DEU
CUB,DMA
CUB,DNK
CUB,DOM
CUB,DZA
CUB,ECU
CUB,EGY
CUB,ERI
CUB,ESP
CUB,ETH
CUB,FIN
CUB,FRA
CUB,GBR
CUB,GHA
CUB,GIN
CUB,GMB
CUB,GNB
CUB,GNQ
CUB,GRC
CUB,GRD
CUB,GTM
CUB,GUY
CUB,HND
CUB,HTI
CUB,HUN
CUB,IDN
CUB,IND
CUB,IRL
CUB,IRN
CUB,IRQ
CUB,ISR
CUB,ITA
CUB,JAM
CUB,JOR
CUB,JPN
CUB,KEN
CUB,KHM
CUB,KNA
CUB,KOR
CUB,LAO
CUB,LBN
CUB,LBR
CUB,LBY
CUB,LCA
CUB,LKA
CUB,LSO
CUB,LVA
CUB,MAR
CUB,MCO
CUB,MDV
CUB,MEX
CUB,MLI
CUB,MMR
CUB,MOZ
CUB,MYS
CUB,NAM
CUB,NGA
CUB,NIC
CUB,NLD
CUB,NOR
CUB,NPL
CUB,NZL
CUB,PAK
CUB,PAN
CUB,PER
CUB,PHL
CUB,PNG
CUB,POL
CUB,PRK
CUB,PRT
CUB,PRY
CUB,PSE
CUB,QAT
CUB,RUS
CUB,SAU
CUB,SDN
CUB,SGP
CUB,SLB
CUB,SLE
CUB,SLV
CUB,SOM
CUB,SRB
CUB,STP
CUB,SUR
CUB,SWE
CUB,SYC
CUB,SYR
CUB,THA
CUB,TJK
CUB,TON
CUB,TTO
CUB,TUR
CUB,TWN
CUB,TZA
CUB,UGA
CUB,UKR
CUB,URY
CUB,USA
CUB,VAT
CUB,VCT
CUB,VEN
CUB,VNM
CUB,YEM
CUB,ZAF
CUB,ZMB
CUB,ZWE
CYM,ARE
CYM,ARG
CYM,ATG
CYM,AUS
CYM,BGD
CYM,BHS
CYM,BMU
CYM,BRB
CYM,CAN
CYM,CHE
CYM,CHN
CYM,CUB
CYM,DEU
CYM,DMA
CYM,FRA
CYM,GBR
CYM,HND
CYM,HTI
CYM,IDN
CYM,IRL
CYM,IRN
CYM,ITA
CYM,JAM
CYM,JPN
CYM,KOR
CYM,KWT
CYM,LKA
CYM,LUX
CYM,MEX
CYM,MLT
CYM,MMR
CYM,MNG
CYM,MUS
CYM,MYS
CYM,NAM
CYM,NLD
CYM,NZL
CYM,PAN
CYM,PHL
CYM,POL
CYM,PSE
CYM,RUS
CYM,SAU
CYM,SGP
CYM,THA
CYM,TTO
CYM,TUR
CYM,TZA
CYM,USA
CYM,VEN
CYM,VNM
CYM,ZAF
CYM,ZMB
CYP,AFG
CYP,ARE
CYP,ARG
CYP,ARM
CYP,ATG
CYP,AUS
CYP,AUT
CYP,AZE
CYP,BEL
CYP,BGD
CYP,BGR
CYP,BLR
CYP,BLZ
CYP,BMU
CYP,BRA
CYP,BRN
CYP,CAN
CYP,CHE
CYP,CHL
CYP,CHN
CYP,CYM
CYP,CZE
CYP,DEU
CYP,DNK
CYP,DZA
CYP,ECU
CYP,EGY
CYP,ESP
CYP,EST
CYP,ETH
CYP,FIN
CYP,FRA
CYP,FSM
CYP,GBR
CYP,GRC
CYP,GRD
CYP,HRV
CYP,HTI
CYP,HUN
CYP,IDN
CYP,IND
CYP,IRL
CYP,IRN
CYP,IRQ
CYP,ISR
CYP,ITA
CYP,JAM
CYP,JOR
CYP,JPN
CYP,KAZ
CYP,KEN
CYP,KGZ
CYP,KHM
CYP,KWT
CYP,LBN
CYP,LBR
CYP,LBY
CYP,LIE
CYP,LTU
CYP,LUX
CYP,LVA
CYP,MAR
CYP,MEX
CYP,MLI
CYP,MLT
CYP,MUS
CYP,MYS
CYP,NGA
CYP,NLD
CYP,NOR
CYP,NPL
CYP,NZL
CYP,OMN
CYP,PAK
CYP,PAN
CYP,PER
CYP,PHL
CYP,PNG
CYP,POL
CYP,PRT
CYP,PSE
CYP,QAT
CYP,RUS
CYP,SAU
CYP,SLB
CYP,SOM
CYP,SRB
CYP,SVK
CYP,SWE
CYP,SYC
CYP,SYR
CYP,TCD
CYP,THA
CYP,TUR
CYP,TZA
CYP,UKR
CYP,USA
CYP,VNM
CYP,YEM
CYP,ZAF
CZE,AFG
CZE,AGO
CZE,ALB
CZE,ARE
CZE,ARG
CZE,ARM
CZE,AUS
CZE,AUT
CZE,AZE
CZE,BEL
CZE,BEN
CZE,BGD
CZE,BGR
CZE,BHS
CZE,BLR
CZE,BLZ
CZE,BMU
CZE,BRA
CZE,CAF
CZE,CAN
CZE,CHE
CZE,CHL
CZE,CHN
CZE,COG
CZE,CUB
CZE,CYP
CZE,DEU
CZE,DNK
CZE,DZA
CZE,EGY
CZE,ESP
CZE,EST
CZE,ETH
CZE,FIN
CZE,FRA
CZE,FSM
CZE,GBR
CZE,GMB
CZE,GRC
CZE,HRV
CZE,HTI
CZE,HUN
CZE,IDN
CZE,IRL
CZE,IRN
CZE,IRQ
CZE,ISL
CZE,ISR
CZE,ITA
CZE,JAM
CZE,JOR
CZE,JPN
CZE,KAZ
CZE,KEN
CZE,KGZ
CZE,KHM
CZE,KOR
CZE,KWT
CZE,LBN
CZE,LBR
CZE,LBY
CZE,LKA
CZE,LTU
CZE,LUX
CZE,LVA
CZE,MDA
CZE,MDV
CZE,MEX
CZE,MKD
CZE,MLI
CZE,MLT
CZE,MMR
CZE,MNG
CZE,MOZ
CZE,MWI
CZE,MYS
CZE,NIC
CZE,NLD
CZE,NOR
CZE,NPL
CZE,NZL
CZE,OMN
CZE,PAK
CZE,PAN
CZE,PER
CZE,PHL
CZE,POL
CZE,PRK
CZE,PRT
CZE,PSE
CZE,RUS
CZE,RWA
CZE,SAU
CZE,SDN
CZE,SGP
CZE,SMR
CZE,SOM
CZE,SRB
CZE,SVK
CZE,SWE
CZE,SYC
CZE,SYR
CZE,THA
CZE,TJK
CZE,TKM
CZE,TTO
CZE,TUR
CZE,TZA
CZE,UGA
CZE,UKR
CZE,URY
CZE,USA
CZE,UZB
CZE,VAT
CZE,VEN
CZE,VNM
CZE,YEM
CZE,ZAF
CZE,ZMB
CZE,ZWE
DEU,AFG
DEU,AGO
DEU,ALB
DEU,ARE
DEU,ARG
DEU,ARM
DEU,AUS
DEU,AUT
DEU,AZE
DEU,BDI
DEU,BEL
DEU,BEN
DEU,BFA
DEU,BGD
DEU,BGR
DEU,BHR
DEU,BHS
DEU,BLR
DEU,BLZ
DEU,BMU
DEU,BOL
DEU,BRA
DEU,BRB
DEU,BRN
DEU,BTN
DEU,BWA
DEU,CAF
DEU,CAN
DEU,CHE
DEU,CHL
DEU,CHN
DEU,CIV
DEU,CMR
DEU,COD
DEU,COG
DEU,COL
DEU,CPV
DEU,CRI
DEU,CUB
DEU,CYM
DEU,CYP
DEU,CZE
DEU,DJI
DEU,DNK
DEU,DOM
DEU,DZA
DEU,ECU
DEU,EGY
DEU,ERI
DEU,ESP
DEU,EST
DEU,ETH
DEU,FIN
DEU,FJI
DEU,FRA
DEU,FSM
DEU,GBR
DEU,GEO
DEU,GHA
DEU,GIN
DEU,GMB
DEU,GNB
DEU,GRC
DEU,GRD
DEU,GTM
DEU,GUY
DEU,HND
DEU,HRV
DEU,HTI
DEU,HUN
DEU,IDN
DEU,IND
DEU,IRL
DEU,IRN
DEU,IRQ
DEU,ISL
DEU,ISR
DEU,ITA
DEU,JAM
DEU,JOR
DEU,JPN
DEU,KAZ
DEU,KEN
DEU,KGZ
DEU,KHM
DEU,KOR
DEU,KWT
DEU,LAO
DEU,LBN
DEU,LBR
DEU,LBY
DEU,LCA
DEU,LIE
DEU,LKA
DEU,LSO
DEU,LTU
DEU,LUX
DEU,LVA
DEU,MAR
DEU,MCO
DEU,MDA
DEU,MDG
DEU,MDV
DEU,MEX
DEU,MKD
DEU,MLI
DEU,MLT
DEU,MMR
DEU,MNG
DEU,MOZ
DEU,MRT
DEU,MUS
DEU,MWI
DEU,MYS
DEU,NAM
DEU,NER
DEU,NGA
DEU,NIC
DEU,NLD
DEU,NOR
DEU,NPL
DEU,NZL
DEU,OMN
DEU,PAK
DEU,PAN
DEU,PER
DEU,PHL
DEU,PNG
DEU,POL
DEU,PRK
DEU,PRT
DEU,PRY
DEU,PSE
DEU,QAT
DEU,RUS
DEU,RWA
DEU,SAF
DEU,SAU
DEU,SDN
DEU,SEN
DEU,SGP
DEU,SLB
DEU,SLE
DEU,SLV
DEU,SOM
DEU,SRB
DEU,STP
DEU,SUR
DEU,SVK
DEU,SWE
DEU,SWZ
DEU,SYC
DEU,SYR
DEU,TCD
DEU,TGO
DEU,THA
DEU,TJK
DEU,TKM
DEU,TON
DEU,TTO
DEU,TUN
DEU,TUR
DEU,TWN
DEU,TZA
DEU,UGA
DEU,UKR
DEU,URY
DEU,USA
DEU,UZB
DEU,VAT
DEU,VCT
DEU,VEN
DEU,VNM
DEU,VUT
DEU,WSM
DEU,YEM
DEU,ZAF
DEU,ZMB
DEU,ZWE
DJI,ARE
DJI,AUS
DJI,BDI
DJI,BEL
DJI,BGD
DJI,CAF
DJI,CAN
DJI,CHE
DJI,CHN
DJI,COM
DJI,DEU
DJI,DZA
DJI,EGY
DJI,ERI
DJI,ETH
DJI,FRA
DJI,GAB
DJI,GBR
DJI,IND
DJI,IRN
DJI,IRQ
DJI,ISR
DJI,ITA
DJI,JOR
DJI,JPN
DJI,KEN
DJI,KWT
DJI,LBY
DJI,LSO
DJI,MEX
DJI,MOZ
DJI,MRT
DJI,MWI
DJI,NGA
DJI,OMN
DJI,PAK
DJI,QAT
DJI,RUS
DJI,RWA
DJI,SAU
DJI,SDN
DJI,SEN
DJI,SLE
DJI,SOM
DJI,STP
DJI,SYR
DJI,THA
DJI,TUN
DJI,TUR
DJI,TZA
DJI,UGA
DJI,USA
DJI,VUT
DJI,YEM
DJI,ZAF
DMA,AIA
DMA,ARG
DMA,ATG
DMA,BHS
DMA,BRB
DMA,CAN
DMA,CHN
DMA,CUB
DMA,DEU
DMA,DOM
DMA,ECU
DMA,ESP
DMA,FRA
DMA,GAB
DMA,GBR
DMA,GRD
DMA,GTM
DMA,GUY
DMA,HTI
DMA,ITA
DMA,JAM
DMA,JPN
DMA,KOR
DMA,LCA
DMA,MAR
DMA,MMR
DMA,PRT
DMA,RUS
DMA,TTO
DMA,USA
DMA,VAT
DMA,VCT
DMA,VEN
DMA,ZWE
DNK,AFG
DNK,AGO
DNK,ALB
DNK,ARE
DNK,ARG
DNK,ARM
DNK,AUS
DNK,AUT
DNK,BEL
DNK,BEN
DNK,BFA
DNK,BGD
DNK,BGR
DNK,BHR
DNK,BHS
DNK,BLR
DNK,BLZ
DNK,BMU
DNK,BOL
DNK,BRA
DNK,BRB
DNK,BTN
DNK,BWA
DNK,CAF
DNK,CAN
DNK,CHE
DNK,CHL
DNK,CHN
DNK,CIV
DNK,COD
DNK,COG
DNK,COL
DNK,CPV
DNK,CYP
DNK,CZE
DNK,DEU
DNK,DJI
DNK,DOM
DNK,DZA
DNK,ECU
DNK,EGY
DNK,ERI
DNK,ESP
DNK,EST
DNK,ETH
DNK,FIN
DNK,FRA
DNK,FSM
DNK,GBR
DNK,GHA
DNK,GIN
DNK,GMB
DNK,GNB
DNK,GRC
DNK,GTM
DNK,HRV
DNK,HTI
DNK,HUN
DNK,IDN
DNK,IND
DNK,IRL
DNK,IRN
DNK,IRQ
DNK,ISL
DNK,ISR
DNK,ITA
DNK,JAM
DNK,JOR
DNK,JPN
DNK,KAZ
DNK,KEN
DNK,KGZ
DNK,KHM
DNK,KOR
DNK,KWT
DNK,LAO
DNK,LBN
DNK,LBR
DNK,LBY
DNK,LKA
DNK,LTU
DNK,LUX
DNK,LVA
DNK,MAR
DNK,MCO
DNK,MDA
DNK,MDV
DNK,MEX
DNK,MHL
DNK,MKD
DNK,MLI
DNK,MLT
DNK,MMR
DNK,MNG
DNK,MOZ
DNK,MWI
DNK,MYS
DNK,NAM
DNK,NER
DNK,NGA
DNK,NIC
DNK,NLD
DNK,NOR
DNK,NPL
DNK,NZL
DNK,PAK
DNK,PAN
DNK,PER
DNK,PHL
DNK,POL
DNK,PRK
DNK,PRT
DNK,PSE
DNK,QAT
DNK,RUS
DNK,RWA
DNK,SAF
DNK,SAU
DNK,SDN
DNK,SEN
DNK,SGP
DNK,SLE
DNK,SLV
DNK,SOM
DNK,SRB
DNK,SVK
DNK,SWE
DNK,SWZ
DNK,SYC
DNK,SYR
DNK,THA
DNK,TJK
DNK,TKM
DNK,TTO
DNK,TUN
DNK,TUR
DNK,TZA
DNK,UGA
DNK,UKR
DNK,USA
DNK,UZB
DNK,VCT
DNK,VNM
DNK,YEM
DNK,ZAF
DNK,ZMB
DNK,ZWE
DOM,AFG
DOM,AIA
DOM,ARE
DOM,ARG
DOM,ARM
DOM,AUT
DOM,BEL
DOM,BGR
DOM,BRA
DOM,BRB
DOM,CAN
DOM,CHL
DOM,CHN
DOM,COD
DOM,COL
DOM,CRI
DOM,CUB
DOM,DEU
DOM,DMA
DOM,DZA
DOM,ECU
DOM,ESP
DOM,ETH
DOM,FRA
DOM,GBR
DOM,GHA
DOM,GTM
DOM,HND
DOM,HRV
DOM,HTI
DOM,HUN
DOM,IRL
DOM,IRQ
DOM,ISL
DOM,ITA
DOM,JAM
DOM,JPN
DOM,KHM
DOM,KOR
DOM,KWT
DOM,LCA
DOM,LTU
DOM,LUX
DOM,MAR
DOM,MCO
DOM,MDV
DOM,MEX
DOM,MUS
DOM,NAM
DOM,NGA
DOM,NIC
DOM,NRU
DOM,NZL
DOM,PAN
DOM,PER
DOM,PHL
DOM,POL
DOM,RUS
DOM,SAU
DOM,SLV
DOM,SVK
DOM,TTO
DOM,TUR
DOM,TWN
DOM,UKR
DOM,USA
DOM,VEN
DOM,ZAF
DOM,ZWE
DZA,AFG
DZA,AGO
DZA,ALB
DZA,ARE
DZA,ARM
DZA,AUS
DZA,AUT
DZA,BEL
DZA,BFA
DZA,BGD
DZA,BGR
DZA,BHR
DZA,BOL
DZA,BRA
DZA,BRB
DZA,BWA
DZA,CAN
DZA,CHE
DZA,CHN
DZA,COG
DZA,COL
DZA,CUB
DZA,CYP
DZA,DEU
DZA,DNK
DZA,DOM
DZA,DZA
DZA,EGY
DZA,ERI
DZA,ESP
DZA,ETH
DZA,FIN
DZA,FRA
DZA,FSM
DZA,GBR
DZA,GHA
DZA,GIN
DZA,GMB
DZA,GNB
DZA,GRC
DZA,HRV
DZA,HTI
DZA,IDN
DZA,IRL
DZA,IRN
DZA,IRQ
DZA,ISR
DZA,ITA
DZA,JAM
DZA,JOR
DZA,JPN
DZA,KEN
DZA,KOR
DZA,KWT
DZA,LBN
DZA,LBR
DZA,LBY
DZA,LIE
DZA,LSO
DZA,LUX
DZA,MAR
DZA,MDA
DZA,MEX
DZA,MLI
DZA,MLT
DZA,MOZ
DZA,MRT
DZA,MUS
DZA,MYS
DZA,NAM
DZA,NER
DZA,NGA
DZA,NLD
DZA,NOR
DZA,NPL
DZA,NZL
DZA,OMN
DZA,PAK
DZA,PAN
DZA,PHL
DZA,POL
DZA,PRT
DZA,PSE
DZA,QAT
DZA,RUS
DZA,RWA
DZA,SAU
DZA,SDN
DZA,SEN
DZA,SOM
DZA,SRB
DZA,SWE
DZA,SYC
DZA,SYR
DZA,TCD
DZA,THA
DZA,TUN
DZA,TUR
DZA,TWN
DZA,TZA
DZA,UGA
DZA,UKR
DZA,USA
DZA,VEN
DZA,VNM
DZA,YEM
DZA,ZAF
DZA,ZMB
DZA,ZWE
EAF,USA
ECU,AFG
ECU,ARG
ECU,ARM
ECU,ATG
ECU,AUS
ECU,AUT
ECU,AZE
ECU,BEL
ECU,BEN
ECU,BFA
ECU,BGD
ECU,BLR
ECU,BOL
ECU,BRA
ECU,BRB
ECU,BRN
ECU,BTN
ECU,CAN
ECU,CHE
ECU,CHL
ECU,CHN
ECU,COL
ECU,CRI
ECU,CUB
ECU,CYM
ECU,DEU
ECU,DOM
ECU,EGY
ECU,ESP
ECU,ETH
ECU,FIN
ECU,FJI
ECU,FRA
ECU,FSM
ECU,GBR
ECU,GHA
ECU,GNQ
ECU,GRC
ECU,GTM
ECU,GUY
ECU,HND
ECU,HRV
ECU,HTI
ECU,IDN
ECU,IND
ECU,IRL
ECU,IRN
ECU,IRQ
ECU,ISL
ECU,ISR
ECU,ITA
ECU,JAM
ECU,JPN
ECU,KAZ
ECU,KEN
ECU,KOR
ECU,KWT
ECU,LBN
ECU,LBY
ECU,MAR
ECU,MDA
ECU,MDV
ECU,MEX
ECU,MLT
ECU,MUS
ECU,MYS
ECU,NAM
ECU,NGA
ECU,NIC
ECU,NLD
ECU,NOR
ECU,NPL
ECU,NZL
ECU,PAN
ECU,PER
ECU,PHL
ECU,PRT
ECU,PRY
ECU,PSE
ECU,QAT
ECU,RUS
ECU,SAM
ECU,SAU
ECU,SEN
ECU,SGP
ECU,SLV
ECU,SWE
ECU,SWZ
ECU,SYC
ECU,SYR
ECU,THA
ECU,TUN
ECU,TUR
ECU,UKR
ECU,URY
ECU,USA
ECU,VAT
ECU,VEN
ECU,VNM
ECU,ZWE
EGY,AFG
EGY,AGO
EGY,ALB
EGY,ARE
EGY,ARM
EGY,AUS
EGY,AUT
EGY,AZE
EGY,BDI
EGY,BEL
EGY,BFA
EGY,BGD
EGY,BGR
EGY,BHR
EGY,BLR
EGY,BOL
EGY,BRA
EGY,CAN
EGY,CHE
EGY,CHN
EGY,CIV
EGY,CMR
EGY,COD
EGY,COG
EGY,COL
EGY,COM
EGY,CUB
EGY,CYP
EGY,CZE
EGY,DEU
EGY,DJI
EGY,DNK
EGY,DOM
EGY,DZA
EGY,ECU
EGY,ERI
EGY,ESP
EGY,ETH
EGY,FIN
EGY,FJI
EGY,FRA
EGY,FSM
EGY,GAB
EGY,GBR
EGY,GHA
EGY,GIN
EGY,GNQ
EGY,GRC
EGY,GRD
EGY,GUY
EGY,HND
EGY,HRV
EGY,HTI
EGY,HUN
EGY,IDN
EGY,IND
EGY,IRL
EGY,IRN
EGY,IRQ
EGY,ISR
EGY,ITA
EGY,JAM
EGY,JOR
EGY,JPN
EGY,KAZ
EGY,KEN
EGY,KGZ
EGY,KHM
EGY,KOR
EGY,KWT
EGY,LAO
EGY,LBN
EGY,LBR
EGY,LBY
EGY,LKA
EGY,MAR
EGY,MCO
EGY,MDV
EGY,MEX
EGY,MKD
EGY,MLI
EGY,MLT
EGY,MMR
EGY,MNG
EGY,MOZ
EGY,MRT
EGY,MWI
EGY,MYS
EGY,NAM
EGY,NER
EGY,NGA
EGY,NLD
EGY,NOR
EGY,NZL
EGY,OMN
EGY,PAK
EGY,PAN
EGY,PER
EGY,PHL
EGY,PNG
EGY,POL
EGY,PRK
EGY,PRT
EGY,PSE
EGY,QAT
EGY,RUS
EGY,RWA
EGY,SAU
EGY,SDN
EGY,SEN
EGY,SGP
EGY,SLE
EGY,SLV
EGY,SOM
EGY,SRB
EGY,SUR
EGY,SWE
EGY,SYR
EGY,TCD
EGY,TGO
EGY,THA
EGY,TJK
EGY,TKM
EGY,TUN
EGY,TUR
EGY,TZA
EGY,UGA
EGY,UKR
EGY,USA
EGY,UZB
EGY,VAT
EGY,VEN
EGY,VNM
EGY,YEM
EGY,ZAF
EGY,ZMB
EGY,ZWE
ERI,AGO
ERI,ARE
ERI,AUS
ERI,AUT
ERI,BEL
ERI,BHR
ERI,BWA
ERI,CAN
ERI,CHE
ERI,CHN
ERI,COD
ERI,COM
ERI,CUB
ERI,CZE
ERI,DEU
ERI,DJI
ERI,DNK
ERI,DZA
ERI,EGY
ERI,ETH
ERI,FIN
ERI,FRA
ERI,GBR
ERI,GHA
ERI,GIN
ERI,GNB
ERI,GRC
ERI,HUN
ERI,IDN
ERI,IND
ERI,IRL
ERI,IRN
ERI,IRQ
ERI,ISR
ERI,ITA
ERI,JOR
ERI,JPN
ERI,KEN
ERI,KOR
ERI,KWT
ERI,LBY
ERI,LKA
ERI,LSO
ERI,LTU
ERI,MLT
ERI,MMR
ERI,MOZ
ERI,MYS
ERI,NER
ERI,NGA
ERI,NLD
ERI,NOR
ERI,NZL
ERI,PAK
ERI,POL
ERI,PSE
ERI,QAT
ERI,RWA
ERI,SAU
ERI,SDN
ERI,SEN
ERI,SLE
ERI,SOM
ERI,SVK
ERI,SWE
ERI,SYR
ERI,TCD
ERI,THA
ERI,UGA
ERI,USA
ERI,YEM
ERI,ZAF
ESP,ABW
ESP,AFG
ESP,AGO
ESP,ALB
ESP,AND
ESP,ARE
ESP,ARG
ESP,ARM
ESP,ATG
ESP,AUS
ESP,AUT
ESP,AZE
ESP,BEL
ESP,BEN
ESP,BFA
ESP,BGD
ESP,BGR
ESP,BHR
ESP,BHS
ESP,BLR
ESP,BLZ
ESP,BOL
ESP,BRA
ESP,BRB
ESP,BWA
ESP,CAF
ESP,CAN
ESP,CHE
ESP,CHL
ESP,CHN
ESP,CIV
ESP,CMR
ESP,COD
ESP,COG
ESP,COL
ESP,CPV
ESP,CRI
ESP,CUB
ESP,CYP
ESP,CZE
ESP,DEU
ESP,DJI
ESP,DMA
ESP,DNK
ESP,DOM
ESP,DZA
ESP,ECU
ESP,EGY
ESP,ERI
ESP,EST
ESP,ETH
ESP,FIN
ESP,FRA
ESP,FSM
ESP,GAB
ESP,GBR
ESP,GHA
ESP,GIN
ESP,GMB
ESP,GNB
ESP,GNQ
ESP,GRC
ESP,GRD
ESP,GTM
ESP,GUY
ESP,HND
ESP,HRV
ESP,HTI
ESP,HUN
ESP,IDN
ESP,IND
ESP,IRL
ESP,IRN
ESP,IRQ
ESP,ISL
ESP,ISR
ESP,ITA
ESP,JAM
ESP,JOR
ESP,JPN
ESP,KAZ
ESP,KEN
ESP,KGZ
ESP,KHM
ESP,KOR
ESP,KWT
ESP,LAO
ESP,LBN
ESP,LBR
ESP,LBY
ESP,LCA
ESP,LIE
ESP,LKA
ESP,LTU
ESP,LUX
ESP,LVA
ESP,MAR
ESP,MCO
ESP,MDA
ESP,MDV
ESP,MEX
ESP,MKD
ESP,MLI
ESP,MLT
ESP,MMR
ESP,MNG
ESP,MOZ
ESP,MRT
ESP,MUS
ESP,MYS
ESP,NAM
ESP,NER
ESP,NGA
ESP,NIC
ESP,NLD
ESP,NOR
ESP,NPL
ESP,NZL
ESP,OMN
ESP,PAK
ESP,PAN
ESP,PER
ESP,PHL
ESP,POL
ESP,PRK
ESP,PRT
ESP,PRY
ESP,PSE
ESP,QAT
ESP,RUS
ESP,RWA
ESP,SAU
ESP,SDN
ESP,SEN
ESP,SGP
ESP,SLE
ESP,SLV
ESP,SOM
ESP,SRB
ESP,SVK
ESP,SWE
ESP,SWZ
ESP,SYC
ESP,SYR
ESP,TCD
ESP,THA
ESP,TJK
ESP,TKM
ESP,TTO
ESP,TUN
ESP,TUR
ESP,TZA
ESP,UGA
ESP,UKR
ESP,URY
ESP,USA
ESP,UZB
ESP,VAT
ESP,VCT
ESP,VEN
ESP,VNM
ESP,YEM
ESP,ZAF
ESP,ZMB
ESP,ZWE
EST,AFG
EST,ALB
EST,ARE
EST,ARM
EST,AUS
EST,AUT
EST,AZE
EST,BDI
EST,BEL
EST,BGR
EST,BHR
EST,BLR
EST,BRA
EST,CAF
EST,CAN
EST,CHE
EST,CHN
EST,CYM
EST,CYP
EST,CZE
EST,DEU
EST,DNK
EST,DZA
EST,ESP
EST,FIN
EST,FRA
EST,GBR
EST,GRC
EST,HRV
EST,HTI
EST,HUN
EST,IDN
EST,IRL
EST,IRQ
EST,ISL
EST,ISR
EST,ITA
EST,JOR
EST,JPN
EST,KAZ
EST,KEN
EST,KGZ
EST,KWT
EST,LAO
EST,LBN
EST,LBR
EST,LBY
EST,LIE
EST,LKA
EST,LTU
EST,LUX
EST,LVA
EST,MAR
EST,MDA
EST,MLI
EST,MLT
EST,MYS
EST,NLD
EST,NOR
EST,NPL
EST,NZL
EST,PAK
EST,PER
EST,PHL
EST,POL
EST,PRT
EST,PSE
EST,QAT
EST,RUS
EST,SGP
EST,SOM
EST,SRB
EST,SVK
EST,SWE
EST,SYR
EST,TKM
EST,TON
EST,TUN
EST,TUR
EST,UKR
EST,USA
EST,ZWE
ETH,AFG
ETH,AGO
ETH,ALB
ETH,AND
ETH,ARE
ETH,ARG
ETH,ARM
ETH,AUS
ETH,AUT
ETH,BDI
ETH,BEL
ETH,BEN
ETH,BFA
ETH,BGD
ETH,BGR
ETH,BHR
ETH,BRA
ETH,BRN
ETH,BWA
ETH,CAF
ETH,CAN
ETH,CHE
ETH,CHN
ETH,CIV
ETH,COD
ETH,COG
ETH,COM
ETH,CRI
ETH,CUB
ETH,CZE
ETH,DEU
ETH,DJI
ETH,DNK
ETH,DZA
ETH,EGY
ETH,ERI
ETH,ESP
ETH,FIN
ETH,FRA
ETH,GAB
ETH,GBR
ETH,GHA
ETH,GMB
ETH,GNQ
ETH,GRC
ETH,GTM
ETH,HTI
ETH,IDN
ETH,IND
ETH,IRL
ETH,IRN
ETH,IRQ
ETH,ISR
ETH,ITA
ETH,JOR
ETH,JPN
ETH,KEN
ETH,KHM
ETH,KOR
ETH,KWT
ETH,LBN
ETH,LBR
ETH,LBY
ETH,LSO
ETH,MAR
ETH,MCO
ETH,MDG
ETH,MDV
ETH,MEX
ETH,MLI
ETH,MMR
ETH,MNG
ETH,MOZ
ETH,MWI
ETH,MYS
ETH,NAM
ETH,NER
ETH,NGA
ETH,NIC
ETH,NLD
ETH,NOR
ETH,NPL
ETH,NZL
ETH,PAK
ETH,PHL
ETH,POL
ETH,PRK
ETH,PSE
ETH,QAT
ETH,RUS
ETH,RWA
ETH,SAU
ETH,SDN
ETH,SEN
ETH,SGP
ETH,SLE
ETH,SLV
ETH,SOM
ETH,SWE
ETH,SYR
ETH,TCD
ETH,THA
ETH,TUN
ETH,TUR
ETH,TZA
ETH,UGA
ETH,UKR
ETH,USA
ETH,UZB
ETH,VNM
ETH,YEM
ETH,ZAF
ETH,ZMB
ETH,ZWE
EUR,USA
FIN,AFG
FIN,AGO
FIN,ALB
FIN,ARE
FIN,ARG
FIN,ARM
FIN,AUS
FIN,AUT
FIN,AZE
FIN,BEL
FIN,BGD
FIN,BGR
FIN,BHR
FIN,BLR
FIN,BLZ
FIN,BRA
FIN,BWA
FIN,CAF
FIN,CAN
FIN,CHE
FIN,CHL
FIN,CHN
FIN,CMR
FIN,COD
FIN,COL
FIN,CPV
FIN,CUB
FIN,CYP
FIN,CZE
FIN,DEU
FIN,DJI
FIN,DNK
FIN,DOM
FIN,DZA
FIN,ECU
FIN,EGY
FIN,ERI
FIN,ESP
FIN,EST
FIN,ETH
FIN,FRA
FIN,FSM
FIN,GBR
FIN,GHA
FIN,GMB
FIN,GRC
FIN,GTM
FIN,HND
FIN,HRV
FIN,HTI
FIN,HUN
FIN,IDN
FIN,IND
FIN,IRL
FIN,IRN
FIN,IRQ
FIN,ISL
FIN,ISR
FIN,ITA
FIN,JOR
FIN,JPN
FIN,KAZ
FIN,KEN
FIN,KGZ
FIN,KHM
FIN,KOR
FIN,KWT
FIN,LAO
FIN,LBN
FIN,LBR
FIN,LBY
FIN,LKA
FIN,LTU
FIN,LUX
FIN,LVA
FIN,MAR
FIN,MDA
FIN,MDV
FIN,MEX
FIN,MKD
FIN,MLI
FIN,MLT
FIN,MMR
FIN,MOZ
FIN,MYS
FIN,NAM
FIN,NGA
FIN,NIC
FIN,NLD
FIN,NOR
FIN,NPL
FIN,NZL
FIN,PAK
FIN,PER
FIN,PHL
FIN,POL
FIN,PRK
FIN,PRT
FIN,PSE
FIN,RUS
FIN,RWA
FIN,SAU
FIN,SDN
FIN,SGP
FIN,SLE
FIN,SOM
FIN,SRB
FIN,SVK
FIN,SWE
FIN,SWZ
FIN,SYR
FIN,TCD
FIN,THA
FIN,TJK
FIN,TUN
FIN,TUR
FIN,TWN
FIN,TZA
FIN,UGA
FIN,UKR
FIN,URY
FIN,USA
FIN,UZB
FIN,VAT
FIN,VEN
FIN,VNM
FIN,VUT
FIN,YEM
FIN,ZAF
FIN,ZMB
FIN,ZWE
FJI,AFG
FJI,ALB
FJI,ARE
FJI,ARG
FJI,AUS
FJI,AUT
FJI,BEL
FJI,BEN
FJI,BGD
FJI,BLZ
FJI,BRN
FJI,CAN
FJI,CHN
FJI,COK
FJI,COL
FJI,DEU
FJI,DNK
FJI,EGY
FJI,ETH
FJI,FRA
FJI,GBR
FJI,GRC
FJI,HRV
FJI,HTI
FJI,HUN
FJI,IDN
FJI,IND
FJI,IRL
FJI,IRN
FJI,IRQ
FJI,ISR
FJI,ITA
FJI,JOR
FJI,JPN
FJI,KIR
FJI,KOR
FJI,LBN
FJI,LBR
FJI,LKA
FJI,MCO
FJI,MDV
FJI,MEX
FJI,MHL
FJI,MNG
FJI,MWI
FJI,MYS
FJI,NAM
FJI,NLD
FJI,NOR
FJI,NPL
FJI,NRU
FJI,NZL
FJI,PAK
FJI,PHL
FJI,PLW
FJI,PNG
FJI,QAT
FJI,RUS
FJI,SAU
FJI,SDN
FJI,SGP
FJI,SLB
FJI,SRB
FJI,SWE
FJI,SYR
FJI,THA
FJI,TJK
FJI,TON
FJI,TUR
FJI,TUV
FJI,TWN
FJI,URY
FJI,USA
FJI,VEN
FJI,VNM
FJI,VUT
FJI,WSM
FJI,ZAF
FJI,ZMB
FJI,ZWE
FRA,AFG
FRA,AGO
FRA,ALB
FRA,AND
FRA,ARE
FRA,ARG
FRA,ARM
FRA,ATG
FRA,AUS
FRA,AUT
FRA,AZE
FRA,BDI
FRA,BEL
FRA,BEN
FRA,BFA
FRA,BGD
FRA,BGR
FRA,BHR
FRA,BHS
FRA,BLR
FRA,BLZ
FRA,BMU
FRA,BOL
FRA,BRA
FRA,BRB
FRA,BRN
FRA,BWA
FRA,CAF
FRA,CAN
FRA,CHE
FRA,CHL
FRA,CHN
FRA,CIV
FRA,CMR
FRA,COD
FRA,COG
FRA,COK
FRA,COL
FRA,COM
FRA,CPV
FRA,CRI
FRA,CUB
FRA,CYP
FRA,CZE
FRA,DEU
FRA,DJI
FRA,DMA
FRA,DNK
FRA,DOM
FRA,DZA
FRA,ECU
FRA,EGY
FRA,ERI
FRA,ESP
FRA,EST
FRA,ETH
FRA,FIN
FRA,FJI
FRA,FSM
FRA,GAB
FRA,GBR
FRA,GHA
FRA,GIN
FRA,GMB
FRA,GNB
FRA,GNQ
FRA,GRC
FRA,GRD
FRA,GTM
FRA,GUY
FRA,HND
FRA,HRV
FRA,HTI
FRA,HUN
FRA,IDN
FRA,IND
FRA,IRL
FRA,IRN
FRA,IRQ
FRA,ISL
FRA,ISR
FRA,ITA
FRA,JAM
FRA,JOR
FRA,JPN
FRA,KAZ
FRA,KEN
FRA,KGZ
FRA,KHM
FRA,KIR
FRA,KNA
FRA,KOR
FRA,KWT
FRA,LAO
FRA,LBN
FRA,LBR
FRA,LBY
FRA,LCA
FRA,LKA
FRA,LSO
FRA,LTU
FRA,LUX
FRA,LVA
FRA,MAR
FRA,MCO
FRA,MDA
FRA,MDG
FRA,MDV
FRA,MEX
FRA,MKD
FRA,MLI
FRA,MLT
FRA,MMR
FRA,MNG
FRA,MOZ
FRA,MRT
FRA,MUS
FRA,MWI
FRA,MYS
FRA,NAM
FRA,NER
FRA,NGA
FRA,NIC
FRA,NLD
FRA,NOR
FRA,NPL
FRA,NZL
FRA,OMN
FRA,PAK
FRA,PAN
FRA,PER
FRA,PHL
FRA,PNG
FRA,POL
FRA,PRK
FRA,PRT
FRA,PRY
FRA,PSE
FRA,QAT
FRA,RUS
FRA,RWA
FRA,SAF
FRA,SAU
FRA,SDN
FRA,SEN
FRA,SGP
FRA,SLB
FRA,SLE
FRA,SLV
FRA,SMR
FRA,SOM
FRA,SRB
FRA,STP
FRA,SUR
FRA,SVK
FRA,SWE
FRA,SWZ
FRA,SYC
FRA,SYR
FRA,TCD
FRA,TGO
FRA,THA
FRA,TJK
FRA,TKM
FRA,TON
FRA,TTO
FRA,TUN
FRA,TUR
FRA,TWN
FRA,TZA
FRA,UGA
FRA,UKR
FRA,URY
FRA,USA
FRA,UZB
FRA,VAT
FRA,VCT
FRA,VEN
FRA,VNM
FRA,VUT
FRA,WSM
FRA,YEM
FRA,ZAF
FRA,ZMB
FRA,ZWE
FSM,AFG
FSM,AGO
FSM,ARE
FSM,ARG
FSM,ARM
FSM,AUS
FSM,AZE
FSM,BDI
FSM,BEL
FSM,BGD
FSM,BGR
FSM,BRA
FSM,BWA
FSM,CAN
FSM,CHE
FSM,CHN
FSM,CUB
FSM,DEU
FSM,DNK
FSM,EGY
FSM,ETH
FSM,FIN
FSM,FRA
FSM,GBR
FSM,GHA
FSM,GRC
FSM,GRD
FSM,HTI
FSM,IND
FSM,IRL
FSM,IRN
FSM,IRQ
FSM,ISR
FSM,ITA
FSM,JOR
FSM,JPN
FSM,KAZ
FSM,KEN
FSM,KGZ
FSM,KHM
FSM,KOR
FSM,LBR
FSM,LKA
FSM,MDG
FSM,MDV
FSM,MEX
FSM,MHL
FSM,MKD
FSM,MLI
FSM,MLT
FSM,MOZ
FSM,MWI
FSM,MYS
FSM,NGA
FSM,NIC
FSM,NLD
FSM,NPL
FSM,NZL
FSM,PHL
FSM,PLW
FSM,PNG
FSM,POL
FSM,PRK
FSM,PSE
FSM,QAT
FSM,RUS
FSM,SAU
FSM,SDN
FSM,SGP
FSM,SLE
FSM,SOM
FSM,SRB
FSM,SYC
FSM,SYR
FSM,TCD
FSM,TUN
FSM,TUR
FSM,TZA
FSM,UGA
FSM,UKR
FSM,USA
FSM,VEN
FSM,VNM
FSM,ZAF
FSM,ZMB
FSM,ZWE
GAB,AGO
GAB,AUS
GAB,BDI
GAB,BEL
GAB,BEN
GAB,BFA
GAB,BRA
GAB,BWA
GAB,CAF
GAB,CAN
GAB,CHE
GAB,CHN
GAB,CIV
GAB,CMR
GAB,COD
GAB,COG
GAB,DEU
GAB,DMA
GAB,EGY
GAB,ESP
GAB,ETH
GAB,FRA
GAB,GBR
GAB,GHA
GAB,GNB
GAB,GNQ
GAB,GRC
GAB,ISR
GAB,ITA
GAB,JPN
GAB,KEN
GAB,MAR
GAB,MLI
GAB,MMR
GAB,MUS
GAB,MYS
GAB,NAM
GAB,NER
GAB,NGA
GAB,NIC
GAB,NLD
GAB,NOR
GAB,PRT
GAB,PRY
GAB,RWA
GAB,SDN
GAB,SEN
GAB,SLE
GAB,SOM
GAB,TCD
GAB,TGO
GAB,TWN
GAB,USA
GAB,ZAF
GBR,ABW
GBR,AFG
GBR,AGO
GBR,AIA
GBR,ALB
GBR,AND
GBR,ARE
GBR,ARG
GBR,ARM
GBR,ATG
GBR,AUS
GBR,AUT
GBR,AZE
GBR,BDI
GBR,BEL
GBR,BEN
GBR,BFA
GBR,BGD
GBR,BGR
GBR,BHR
GBR,BHS
GBR,BLR
GBR,BLZ
GBR,BMU
GBR,BOL
GBR,BRA
GBR,BRB
GBR,BRN
GBR,BTN
GBR,BWA
GBR,CAF
GBR,CAN
GBR,CHE
GBR,CHL
GBR,CHN
GBR,CIV
GBR,CMR
GBR,COD
GBR,COG
GBR,COK
GBR,COL
GBR,COM
GBR,CPV
GBR,CRI
GBR,CUB
GBR,CYM
GBR,CYP
GBR,CZE
GBR,DEU
GBR,DJI
GBR,DMA
GBR,DNK
GBR,DOM
GBR,DZA
GBR,ECU
GBR,EGY
GBR,ERI
GBR,ESP
GBR,EST
GBR,ETH
GBR,FIN
GBR,FJI
GBR,FRA
GBR,FSM
GBR,GAB
GBR,GHA
GBR,GIN
GBR,GMB
GBR,GNB
GBR,GNQ
GBR,GRC
GBR,GRD
GBR,GTM
GBR,GUY
GBR,HND
GBR,HRV
GBR,HTI
GBR,HUN
GBR,IDN
GBR,IND
GBR,IRL
GBR,IRN
GBR,IRQ
GBR,ISL
GBR,ISR
GBR,ITA
GBR,JAM
GBR,JOR
GBR,JPN
GBR,KAZ
GBR,KEN
GBR,KGZ
GBR,KHM
GBR,KNA
GBR,KOR
GBR,KWT
GBR,LAO
GBR,LBN
GBR,LBR
GBR,LBY
GBR,LCA
GBR,LIE
GBR,LKA
GBR,LSO
GBR,LTU
GBR,LUX
GBR,LVA
GBR,MAR
GBR,MCO
GBR,MDA
GBR,MDG
GBR,MDV
GBR,MEX
GBR,MHL
GBR,MKD
GBR,MLI
GBR,MLT
GBR,MMR
GBR,MNG
GBR,MOZ
GBR,MRT
GBR,MUS
GBR,MWI
GBR,MYS
GBR,NAM
GBR,NER
GBR,NGA
GBR,NIC
GBR,NLD
GBR,NOR
GBR,NPL
GBR,NZL
GBR,OMN
GBR,PAK
GBR,PAN
GBR,PER
GBR,PHL
GBR,PLW
GBR,PNG
GBR,POL
GBR,PRK
GBR,PRT
GBR,PRY
GBR,PSE
GBR,QAT
GBR,RUS
GBR,RWA
GBR,SAF
GBR,SAU
GBR,SDN
GBR,SEN
GBR,SGP
GBR,SLB
GBR,SLE
GBR,SLV
GBR,SOM
GBR,SRB
GBR,STP
GBR,SVK
GBR,SWE
GBR,SWZ
GBR,SYC
GBR,SYR
GBR,TCD
GBR,TGO
GBR,THA
GBR,TJK
GBR,TKM
GBR,TON
GBR,TTO
GBR,TUN
GBR,TUR
GBR,TUV
GBR,TWN
GBR,TZA
GBR,UGA
GBR,UKR
GBR,URY
GBR,USA
GBR,UZB
GBR,VAT
GBR,VCT
GBR,VEN
GBR,VNM
GBR,VUT
GBR,WSM
GBR,YEM
GBR,ZAF
GBR,ZMB
GBR,ZWE
GEO,AFG
GEO,ARM
GEO,CHN
GEO,DEU
GEO,DZA
GEO,ETH
GEO,FJI
GEO,FRA
GEO,GBR
GEO,IND
GEO,IRQ
GEO,KWT
GEO,MDA
GEO,PHL
GEO,RUS
GEO,TUR
GEO,UKR
GEO,USA
GHA,AFG
GHA,AGO
GHA,ALB
GHA,ARE
GHA,ARG
GHA,ARM
GHA,AUS
GHA,AUT
GHA,AZE
GHA,BDI
GHA,BEL
GHA,BEN
GHA,BFA
GHA,BGD
GHA,BGR
GHA,BRA
GHA,BRB
GHA,BTN
GHA,BWA
GHA,CAN
GHA,CHE
GHA,CHL
GHA,CHN
GHA,CIV
GHA,CMR
GHA,COD
GHA,COG
GHA,COL
GHA,CPV
GHA,CUB
GHA,DEU
GHA,DNK
GHA,DZA
GHA,ECU
GHA,EGY
GHA,ERI
GHA,ESP
GHA,ETH
GHA,FIN
GHA,FRA
GHA,FSM
GHA,GAB
GHA,GBR
GHA,GIN
GHA,GMB
GHA,GNB
GHA,GNQ
GHA,GRC
GHA,GTM
GHA,GUY
GHA,HTI
GHA,IDN
GHA,IND
GHA,IRL
GHA,IRN
GHA,IRQ
GHA,ISL
GHA,ISR
GHA,ITA
GHA,JAM
GHA,JOR
GHA,JPN
GHA,KEN
GHA,KHM
GHA,KIR
GHA,KOR
GHA,KWT
GHA,LBN
GHA,LBR
GHA,LBY
GHA,LVA
GHA,MAR
GHA,MCO
GHA,MDV
GHA,MEX
GHA,MLI
GHA,MLT
GHA,MMR
GHA,MOZ
GHA,MRT
GHA,MUS
GHA,MWI
GHA,MYS
GHA,NAM
GHA,NER
GHA,NGA
GHA,NIC
GHA,NLD
GHA,NOR
GHA,NPL
GHA,NZL
GHA,OMN
GHA,PAK
GHA,PAN
GHA,PHL
GHA,PNG
GHA,POL
GHA,PRK
GHA,PRT
GHA,PSE
GHA,QAT
GHA,RUS
GHA,RWA
GHA,SAU
GHA,SDN
GHA,SEN
GHA,SGP
GHA,SLE
GHA,SOM
GHA,SVK
GHA,SWE
GHA,SYR
GHA,TCD
GHA,TGO
GHA,THA
GHA,TTO
GHA,TUN
GHA,TUR
GHA,TZA
GHA,UGA
GHA,UKR
GHA,USA
GHA,VAT
GHA,VCT
GHA,VNM
GHA,YEM
GHA,ZAF
GHA,ZMB
GHA,ZWE
GIN,AFG
GIN,AGO
GIN,ALB
GIN,ARE
GIN,AUS
GIN,BDI
GIN,BEL
GIN,BFA
GIN,BRA
GIN,CAF
GIN,CAN
GIN,CHE
GIN,CHN
GIN,CIV
GIN,CMR
GIN,COD
GIN,COG
GIN,CPV
GIN,CUB
GIN,DEU
GIN,DJI
GIN,DNK
GIN,EGY
GIN,ERI
GIN,ESP
GIN,ETH
GIN,FRA
GIN,FSM
GIN,GAB
GIN,GBR
GIN,GHA
GIN,GMB
GIN,GNB
GIN,GNQ
GIN,GRC
GIN,IDN
GIN,IRL
GIN,IRN
GIN,IRQ
GIN,ITA
GIN,JPN
GIN,KEN
GIN,KHM
GIN,KOR
GIN,LAO
GIN,LBN
GIN,LBR
GIN,LBY
GIN,LSO
GIN,MAR
GIN,MLI
GIN,MOZ
GIN,NAM
GIN,NER
GIN,NGA
GIN,NIC
GIN,NLD
GIN,NOR
GIN,PAK
GIN,PER
GIN,PNG
GIN,PRT
GIN,PSE
GIN,RUS
GIN,RWA
GIN,SAU
GIN,SEN
GIN,SLE
GIN,SOM
GIN,STP
GIN,TCD
GIN,TGO
GIN,TUN
GIN,TUR
GIN,USA
GIN,ZAF
GIN,ZWE
GMB,AFG
GMB,ALB
GMB,ARE
GMB,AUS
GMB,BDI
GMB,BEN
GMB,BFA
GMB,BRA
GMB,BWA
GMB,CAF
GMB,CAN
GMB,CHE
GMB,CHN
GMB,CIV
GMB,CMR
GMB,CPV
GMB,CUB
GMB,DEU
GMB,EGY
GMB,ESP
GMB,FIN
GMB,FRA
GMB,FSM
GMB,GBR
GMB,GHA
GMB,GIN
GMB,GNB
GMB,GRC
GMB,HTI
GMB,IRN
GMB,IRQ
GMB,ITA
GMB,JOR
GMB,JPN
GMB,KEN
GMB,KGZ
GMB,KOR
GMB,LBN
GMB,LBR
GMB,LBY
GMB,MAR
GMB,MDV
GMB,MLI
GMB,MLT
GMB,MWI
GMB,MYS
GMB,NER
GMB,NGA
GMB,NLD
GMB,NOR
GMB,NZL
GMB,PAK
GMB,PER
GMB,QAT
GMB,RUS
GMB,RWA
GMB,SAU
GMB,SDN
GMB,SEN
GMB,SLE
GMB,SOM
GMB,SWE
GMB,SYC
GMB,TGO
GMB,TUR
GMB,TWN
GMB,TZA
GMB,UGA
GMB,USA
GMB,VEN
GMB,VUT
GMB,ZAF
GMB,ZWE
GNB,AGO
GNB,BEL
GNB,BFA
GNB,CHN
GNB,CIV
GNB,COG
GNB,CPV
GNB,CUB
GNB,DEU
GNB,FRA
GNB,GHA
GNB,GIN
GNB,GMB
GNB,GNQ
GNB,IDN
GNB,IRQ
GNB,ITA
GNB,JPN
GNB,KOR
GNB,LBR
GNB,LBY
GNB,LSO
GNB,MLI
GNB,MOZ
GNB,MRT
GNB,NIC
GNB,NLD
GNB,PRT
GNB,RUS
GNB,RWA
GNB,SAU
GNB,SEN
GNB,SOM
GNB,SWE
GNB,TGO
GNB,TZA
GNB,UKR
GNB,USA
GNQ,AGO
GNQ,ARG
GNQ,BEL
GNQ,BRA
GNQ,CAF
GNQ,CHE
GNQ,CHN
GNQ,CMR
GNQ,COD
GNQ,COG
GNQ,EGY
GNQ,ESP
GNQ,FRA
GNQ,GAB
GNQ,GBR
GNQ,GHA
GNQ,GIN
GNQ,GNB
GNQ,ITA
GNQ,JOR
GNQ,KEN
GNQ,LBN
GNQ,LBR
GNQ,LBY
GNQ,MWI
GNQ,NGA
GNQ,NLD
GNQ,PER
GNQ,PRK
GNQ,PRT
GNQ,SLE
GNQ,SOM
GNQ,STP
GNQ,TCD
GNQ,UGA
GNQ,UKR
GNQ,USA
GNQ,YEM
GNQ,ZAF
GNQ,ZWE
GRC,AFG
GRC,ALB
GRC,ARE
GRC,ARG
GRC,ARM
GRC,ATG
GRC,AUS
GRC,AUT
GRC,AZE
GRC,BEL
GRC,BGD
GRC,BGR
GRC,BHS
GRC,BLR
GRC,BMU
GRC,BRA
GRC,BRB
GRC,BWA
GRC,CAF
GRC,CAN
GRC,CHE
GRC,CHL
GRC,CHN
GRC,COD
GRC,COG
GRC,COL
GRC,CPV
GRC,CRI
GRC,CUB
GRC,CYM
GRC,CYP
GRC,CZE
GRC,DEU
GRC,DNK
GRC,DOM
GRC,DZA
GRC,ECU
GRC,EGY
GRC,ERI
GRC,ESP
GRC,EST
GRC,ETH
GRC,FIN
GRC,FJI
GRC,FRA
GRC,FSM
GRC,GBR
GRC,GEO
GRC,GHA
GRC,GIN
GRC,GRD
GRC,GTM
GRC,GUY
GRC,HRV
GRC,HTI
GRC,HUN
GRC,IDN
GRC,IND
GRC,IRL
GRC,IRN
GRC,IRQ
GRC,ISR
GRC,ITA
GRC,JAM
GRC,JOR
GRC,JPN
GRC,KAZ
GRC,KEN
GRC,KGZ
GRC,KHM
GRC,KOR
GRC,KWT
GRC,LAO
GRC,LBN
GRC,LBR
GRC,LBY
GRC,LIE
GRC,LKA
GRC,LTU
GRC,LUX
GRC,LVA
GRC,MAR
GRC,MCO
GRC,MDA
GRC,MDV
GRC,MEX
GRC,MKD
GRC,MLI
GRC,MLT
GRC,MMR
GRC,MUS
GRC,MWI
GRC,MYS
GRC,NAM
GRC,NGA
GRC,NIC
GRC,NLD
GRC,NOR
GRC,NPL
GRC,NZL
GRC,OMN
GRC,PAK
GRC,PER
GRC,PHL
GRC,PLW
GRC,POL
GRC,PRK
GRC,PRT
GRC,PSE
GRC,QAT
GRC,RUS
GRC,RWA
GRC,SAU
GRC,SDN
GRC,SEN
GRC,SGP
GRC,SLE
GRC,SLV
GRC,SOM
GRC,SRB
GRC,SVK
GRC,SWE
GRC,SYR
GRC,TCD
GRC,TGO
GRC,THA
GRC,TJK
GRC,TKM
GRC,TON
GRC,TTO
GRC,TUN
GRC,TUR
GRC,UGA
GRC,UKR
GRC,USA
GRC,UZB
GRC,VAT
GRC,VCT
GRC,VEN
GRC,VNM
GRC,VUT
GRC,YEM
GRC,ZAF
GRC,ZMB
GRC,ZWE
GRD,AFG
GRD,ATG
GRD,AUS
GRD,BGR
GRD,BHS
GRD,BMU
GRD,BRA
GRD,BRB
GRD,CAN
GRD,CHE
GRD,CHN
GRD,COD
GRD,COL
GRD,CUB
GRD,DEU
GRD,DMA
GRD,DNK
GRD,DOM
GRD,EGY
GRD,ESP
GRD,FRA
GRD,FSM
GRD,GBR
GRD,GUY
GRD,HND
GRD,HTI
GRD,IDN
GRD,IRL
GRD,IRN
GRD,IRQ
GRD,ISR
GRD,ITA
GRD,JAM
GRD,JOR
GRD,JPN
GRD,KEN
GRD,KHM
GRD,KNA
GRD,LBN
GRD,LBR
GRD,LBY
GRD,LCA
GRD,LKA
GRD,MCO
GRD,MEX
GRD,MLT
GRD,MUS
GRD,MWI
GRD,NAM
GRD,NGA
GRD,NIC
GRD,NLD
GRD,NOR
GRD,NZL
GRD,PHL
GRD,PRK
GRD,PRT
GRD,PSE
GRD,RUS
GRD,SEN
GRD,SLE
GRD,SOM
GRD,SRB
GRD,THA
GRD,TTO
GRD,TUR
GRD,TZA
GRD,UGA
GRD,UKR
GRD,USA
GRD,VCT
GRD,VEN
GRD,VNM
GRD,YEM
GRD,ZMB
GTM,AFG
GTM,ARG
GTM,ARM
GTM,ATG
GTM,AUS
GTM,AUT
GTM,BEL
GTM,BLZ
GTM,BOL
GTM,BRA
GTM,CAN
GTM,CHE
GTM,CHL
GTM,CHN
GTM,COD
GTM,COG
GTM,COL
GTM,CRI
GTM,CUB
GTM,DEU
GTM,DOM
GTM,ECU
GTM,ESP
GTM,ETH
GTM,FRA
GTM,GBR
GTM,GHA
GTM,GRC
GTM,HND
GTM,HTI
GTM,IDN
GTM,IRQ
GTM,ISR
GTM,ITA
GTM,JOR
GTM,JPN
GTM,KOR
GTM,LBR
GTM,LBY
GTM,LIE
GTM,LUX
GTM,MDV
GTM,MEX
GTM,MLT
GTM,MYS
GTM,NAM
GTM,NGA
GTM,NIC
GTM,NLD
GTM,NZL
GTM,PAK
GTM,PAN
GTM,PER
GTM,PHL
GTM,PNG
GTM,PRY
GTM,RUS
GTM,SLV
GTM,SWE
GTM,SYR
GTM,TTO
GTM,UGA
GTM,UKR
GTM,URY
GTM,USA
GTM,VNM
GTM,YEM
GTM,ZAF
GTM,ZMB
GUY,AFG
GUY,AGO
GUY,ARG
GUY,ATG
GUY,AUS
GUY,BGR
GUY,BHS
GUY,BLZ
GUY,BOL
GUY,BRA
GUY,BRB
GUY,CAN
GUY,CHL
GUY,CHN
GUY,COL
GUY,CUB
GUY,CYM
GUY,DEU
GUY,DMA
GUY,DNK
GUY,DOM
GUY,ESP
GUY,ETH
GUY,FIN
GUY,FRA
GUY,GBR
GUY,GRC
GUY,GRD
GUY,HND
GUY,HTI
GUY,IRL
GUY,IRN
GUY,ISR
GUY,JAM
GUY,JPN
GUY,KNA
GUY,LCA
GUY,LKA
GUY,MCO
GUY,MDV
GUY,MEX
GUY,MLI
GUY,MYS
GUY,NAM
GUY,NLD
GUY,NOR
GUY,NPL
GUY,NZL
GUY,PRK
GUY,PRT
GUY,PSE
GUY,QAT
GUY,RUS
GUY,SAU
GUY,SGP
GUY,SOM
GUY,SUR
GUY,SYR
GUY,TTO
GUY,TZA
GUY,USA
GUY,VAT
GUY,VCT
GUY,VEN
GUY,VNM
GUY,ZAF
GUY,ZMB
GUY,ZWE
HKG,AUS
HKG,BRA
HKG,CAN
HKG,CHL
HKG,CHN
HKG,IND
HKG,ISL
HKG,ISR
HKG,ITA
HKG,JAM
HKG,JPN
HKG,MEX
HKG,PHL
HKG,SAF
HKG,SWE
HKG,THA
HKG,USA
HND,AGO
HND,ARG
HND,ARM
HND,AUS
HND,AZE
HND,BGR
HND,BHS
HND,BLZ
HND,BOL
HND,BRA
HND,CAN
HND,CHE
HND,CHL
HND,CHN
HND,COD
HND,COL
HND,CRI
HND,CUB
HND,CYM
HND,DEU
HND,DOM
HND,ESP
HND,FIN
HND,FJI
HND,FRA
HND,GBR
HND,GRC
HND,GTM
HND,GUY
HND,HTI
HND,HUN
HND,IDN
HND,IRL
HND,IRQ
HND,ISR
HND,ITA
HND,JPN
HND,KEN
HND,KOR
HND,LBY
HND,LKA
HND,LTU
HND,MAR
HND,MDV
HND,MEX
HND,NAM
HND,NGA
HND,NIC
HND,NLD
HND,NRU
HND,PAK
HND,PAN
HND,PER
HND,PHL
HND,PNG
HND,PRY
HND,RUS
HND,RWA
HND,SAU
HND,SLV
HND,SOM
HND,SYC
HND,THA
HND,TUR
HND,TZA
HND,UKR
HND,URY
HND,USA
HND,VEN
HND,ZMB
HRV,AFG
HRV,ALB
HRV,AND
HRV,ARE
HRV,ARG
HRV,AUS
HRV,AUT
HRV,AZE
HRV,BEL
HRV,BGD
HRV,BGR
HRV,BHR
HRV,BRA
HRV,BRB
HRV,CAN
HRV,CHE
HRV,CHL
HRV,CHN
HRV,CIV
HRV,CUB
HRV,CYP
HRV,CZE
HRV,DEU
HRV,DNK
HRV,ECU
HRV,EGY
HRV,ESP
HRV,FIN
HRV,FJI
HRV,FRA
HRV,GBR
HRV,GHA
HRV,GIN
HRV,GRC
HRV,HTI
HRV,HUN
HRV,IDN
HRV,IRL
HRV,IRN
HRV,IRQ
HRV,ISR
HRV,ITA
HRV,JAM
HRV,JOR
HRV,JPN
HRV,KOR
HRV,KWT
HRV,LBN
HRV,LBR
HRV,LBY
HRV,LKA
HRV,LTU
HRV,LUX
HRV,LVA
HRV,MAR
HRV,MCO
HRV,MDG
HRV,MKD
HRV,MLT
HRV,MUS
HRV,MYS
HRV,NGA
HRV,NLD
HRV,NOR
HRV,NPL
HRV,NZL
HRV,OMN
HRV,PAK
HRV,PHL
HRV,POL
HRV,PRT
HRV,PRY
HRV,PSE
HRV,RUS
HRV,SAU
HRV,SDN
HRV,SGP
HRV,SLE
HRV,SOM
HRV,SRB
HRV,SVK
HRV,SWE
HRV,SYR
HRV,THA
HRV,TUN
HRV,TUR
HRV,TZA
HRV,UGA
HRV,UKR
HRV,USA
HRV,VAT
HRV,VNM
HRV,ZAF
HTI,AFG
HTI,ALB
HTI,ARE
HTI,ARG
HTI,ARM
HTI,ATG
HTI,AUS
HTI,AUT
HTI,BDI
HTI,BEL
HTI,BFA
HTI,BGD
HTI,BGR
HTI,BHS
HTI,BLZ
HTI,BOL
HTI,BRA
HTI,BRB
HTI,CAF
HTI,CAN
HTI,CHE
HTI,CHL
HTI,CHN
HTI,CIV
HTI,COD
HTI,COG
HTI,COL
HTI,CRI
HTI,CUB
HTI,CYM
HTI,CZE
HTI,DEU
HTI,DJI
HTI,DMA
HTI,DOM
HTI,DZA
HTI,ECU
HTI,EGY
HTI,ESP
HTI,ETH
HTI,FIN
HTI,FRA
HTI,FSM
HTI,GAB
HTI,GBR
HTI,GHA
HTI,GNB
HTI,GRC
HTI,GTM
HTI,GUY
HTI,HND
HTI,HRV
HTI,IDN
HTI,IND
HTI,IRL
HTI,IRN
HTI,IRQ
HTI,ISR
HTI,ITA
HTI,JAM
HTI,JOR
HTI,JPN
HTI,KAZ
HTI,KEN
HTI,KHM
HTI,KNA
HTI,KOR
HTI,LBN
HTI,LBR
HTI,LBY
HTI,LKA
HTI,LUX
HTI,MAR
HTI,MCO
HTI,MEX
HTI,MLT
HTI,MMR
HTI,MOZ
HTI,MWI
HTI,MYS
HTI,NAM
HTI,NGA
HTI,NIC
HTI,NLD
HTI,NOR
HTI,NPL
HTI,NRU
HTI,NZL
HTI,PAK
HTI,PAN
HTI,PER
HTI,PHL
HTI,PNG
HTI,POL
HTI,PRK
HTI,PSE
HTI,QAT
HTI,RUS
HTI,RWA
HTI,SAM
HTI,SAU
HTI,SDN
HTI,SEN
HTI,SGP
HTI,SLE
HTI,SLV
HTI,SWE
HTI,SWZ
HTI,SYC
HTI,SYR
HTI,TCD
HTI,THA
HTI,TTO
HTI,TUR
HTI,TWN
HTI,TZA
HTI,UGA
HTI,UKR
HTI,URY
HTI,USA
HTI,VAT
HTI,VEN
HTI,VNM
HTI,WSM
HTI,YEM
HTI,ZAF
HTI,ZMB
HTI,ZWE
HUN,AFG
HUN,AGO
HUN,ALB
HUN,ARE
HUN,ARG
HUN,ARM
HUN,AUS
HUN,AUT
HUN,AZE
HUN,BEL
HUN,BGD
HUN,BGR
HUN,BLR
HUN,BOL
HUN,BRA
HUN,CAN
HUN,CHE
HUN,CHL
HUN,CHN
HUN,COD
HUN,COL
HUN,CUB
HUN,CYP
HUN,CZE
HUN,DEU
HUN,DJI
HUN,DNK
HUN,ECU
HUN,EGY
HUN,ESP
HUN,EST
HUN,ETH
HUN,FIN
HUN,FRA
HUN,GBR
HUN,GRC
HUN,HRV
HUN,HTI
HUN,IDN
HUN,IND
HUN,IRL
HUN,IRN
HUN,IRQ
HUN,ISL
HUN,ISR
HUN,ITA
HUN,JOR
HUN,JPN
HUN,KAZ
HUN,KEN
HUN,KHM
HUN,KOR
HUN,KWT
HUN,LAO
HUN,LBN
HUN,LBY
HUN,LIE
HUN,LKA
HUN,LTU
HUN,LUX
HUN,LVA
HUN,MAR
HUN,MCO
HUN,MDA
HUN,MDV
HUN,MEX
HUN,MKD
HUN,MLI
HUN,MLT
HUN,MNG
HUN,MOZ
HUN,MYS
HUN,NGA
HUN,NIC
HUN,NLD
HUN,NOR
HUN,NZL
HUN,PAK
HUN,PHL
HUN,POL
HUN,PRT
HUN,PRY
HUN,PSE
HUN,QAT
HUN,RUS
HUN,SAU
HUN,SDN
HUN,SGP
HUN,SOM
HUN,SRB
HUN,SVK
HUN,SWE
HUN,SYR
HUN,TCD
HUN,THA
HUN,TJK
HUN,TUR
HUN,TWN
HUN,UKR
HUN,URY
HUN,USA
HUN,UZB
HUN,VAT
HUN,VNM
HUN,ZAF
IDN,AFG
IDN,ALB
IDN,ARE
IDN,ARG
IDN,ARM
IDN,ATG
IDN,AUS
IDN,AUT
IDN,AZE
IDN,BEL
IDN,BFA
IDN,BGD
IDN,BGR
IDN,BHR
IDN,BHS
IDN,BLR
IDN,BMU
IDN,BOL
IDN,BRA
IDN,BRB
IDN,BRN
IDN,BWA
IDN,CAN
IDN,CHE
IDN,CHL
IDN,CHN
IDN,CMR
IDN,COD
IDN,COG
IDN,COK
IDN,COL
IDN,CUB
IDN,DEU
IDN,DNK
IDN,DZA
IDN,ECU
IDN,EGY
IDN,ESP
IDN,ETH
IDN,FIN
IDN,FJI
IDN,FRA
IDN,GBR
IDN,GHA
IDN,GIN
IDN,GMB
IDN,GRC
IDN,GUY
IDN,HKG
IDN,HND
IDN,HRV
IDN,HTI
IDN,IDN
IDN,IRL
IDN,IRN
IDN,IRQ
IDN,ISL
IDN,ISR
IDN,ITA
IDN,JAM
IDN,JOR
IDN,JPN
IDN,KAZ
IDN,KEN
IDN,KGZ
IDN,KHM
IDN,KOR
IDN,KWT
IDN,LAO
IDN,LBN
IDN,LBR
IDN,LBY
IDN,LCA
IDN,LKA
IDN,LVA
IDN,MAC
IDN,MCO
IDN,MDG
IDN,MDV
IDN,MEX
IDN,MLI
IDN,MLT
IDN,MMR
IDN,MNG
IDN,MOZ
IDN,MUS
IDN,MYS
IDN,NAM
IDN,NGA
IDN,NLD
IDN,NOR
IDN,NPL
IDN,NRU
IDN,NZL
IDN,OMN
IDN,PAK
IDN,PAN
IDN,PER
IDN,PHL
IDN,PLW
IDN,PNG
IDN,POL
IDN,PRK
IDN,PRT
IDN,PSE
IDN,QAT
IDN,RUS
IDN,RWA
IDN,SAU
IDN,SDN
IDN,SEN
IDN,SGP
IDN,SLB
IDN,SLE
IDN,SLV
IDN,SOM
IDN,STP
IDN,SUR
IDN,SVK
IDN,SWE
IDN,SYR
IDN,THA
IDN,TJK
IDN,TKM
IDN,TUN
IDN,TUR
IDN,TWN
IDN,TZA
IDN,UGA
IDN,UKR
IDN,USA
IDN,UZB
IDN,VNM
IDN,VUT
IDN,WSM
IDN,YEM
IDN,ZAF
IDN,ZMB
IDN,ZWE
IND,AFG
IND,ALB
IND,ARE
IND,ARG
IND,AUS
IND,AUT
IND,AZE
IND,BDI
IND,BEL
IND,BGD
IND,BGR
IND,BHR
IND,BMU
IND,BOL
IND,BRA
IND,BRN
IND,BTN
IND,BWA
IND,CAN
IND,CHE
IND,CHL
IND,CHN
IND,CIV
IND,CMR
IND,COD
IND,COG
IND,COL
IND,CYP
IND,CZE
IND,DEU
IND,DJI
IND,DNK
IND,ECU
IND,EGY
IND,ERI
IND,ESP
IND,ETH
IND,FIN
IND,FJI
IND,FRA
IND,FSM
IND,GBR
IND,GHA
IND,GRC
IND,GUY
IND,HKG
IND,HTI
IND,HUN
IND,IDN
IND,IRL
IND,IRN
IND,IRQ
IND,ISR
IND,ITA
IND,JAM
IND,JOR
IND,JPN
IND,KEN
IND,KGZ
IND,KHM
IND,KNA
IND,KOR
IND,KWT
IND,LBN
IND,LBR
IND,LBY
IND,LIE
IND,LKA
IND,LUX
IND,MAR
IND,MDG
IND,MDV
IND,MEX
IND,MLI
IND,MLT
IND,MMR
IND,MNG
IND,MOZ
IND,MUS
IND,MWI
IND,MYS
IND,NAM
IND,NGA
IND,NLD
IND,NOR
IND,NPL
IND,NZL
IND,OMN
IND,PAK
IND,PAN
IND,PER
IND,PHL
IND,POL
IND,PRK
IND,PRT
IND,PSE
IND,QAT
IND,RUS
IND,RWA
IND,SAU
IND,SDN
IND,SEN
IND,SGP
IND,SLE
IND,SOM
IND,SWE
IND,SYC
IND,SYR
IND,TGO
IND,THA
IND,TJK
IND,TKM
IND,TUN
IND,TUR
IND,TWN
IND,TZA
IND,UGA
IND,UKR
IND,USA
IND,UZB
IND,VAT
IND,VEN
IND,VNM
IND,YEM
IND,ZAF
IND,ZMB
IND,ZWE
IRL,AFG
IRL,AGO
IRL,ALB
IRL,ARE
IRL,ARG
IRL,ARM
IRL,AUS
IRL,AUT
IRL,BDI
IRL,BEL
IRL,BGD
IRL,BGR
IRL,BHR
IRL,BHS
IRL,BLR
IRL,BMU
IRL,BOL
IRL,BRA
IRL,BRN
IRL,BWA
IRL,CAF
IRL,CAN
IRL,CHE
IRL,CHL
IRL,CHN
IRL,CIV
IRL,COD
IRL,COG
IRL,COL
IRL,CPV
IRL,CUB
IRL,CYM
IRL,CYP
IRL,CZE
IRL,DEU
IRL,DNK
IRL,DOM
IRL,DZA
IRL,EGY
IRL,ERI
IRL,ESP
IRL,EST
IRL,ETH
IRL,FIN
IRL,FJI
IRL,FRA
IRL,FSM
IRL,GBR
IRL,GHA
IRL,GIN
IRL,GMB
IRL,GRC
IRL,GRD
IRL,HND
IRL,HRV
IRL,HTI
IRL,HUN
IRL,IDN
IRL,IND
IRL,IRN
IRL,IRQ
IRL,ISL
IRL,ISR
IRL,ITA
IRL,JAM
IRL,JOR
IRL,JPN
IRL,KAZ
IRL,KEN
IRL,KGZ
IRL,KHM
IRL,KNA
IRL,KOR
IRL,KWT
IRL,LAO
IRL,LBN
IRL,LBR
IRL,LBY
IRL,LCA
IRL,LKA
IRL,LSO
IRL,LTU
IRL,LUX
IRL,LVA
IRL,MAR
IRL,MCO
IRL,MDA
IRL,MDG
IRL,MDV
IRL,MEX
IRL,MKD
IRL,MLI
IRL,MLT
IRL,MMR
IRL,MNG
IRL,MOZ
IRL,MWI
IRL,MYS
IRL,NAM
IRL,NER
IRL,NGA
IRL,NLD
IRL,NOR
IRL,NPL
IRL,NZL
IRL,OMN
IRL,PAK
IRL,PAN
IRL,PER
IRL,PHL
IRL,PNG
IRL,POL
IRL,PRK
IRL,PRT
IRL,PRY
IRL,PSE
IRL,QAT
IRL,RUS
IRL,RWA
IRL,SAU
IRL,SDN
IRL,SEN
IRL,SGP
IRL,SLE
IRL,SOM
IRL,SRB
IRL,SVK
IRL,SWE
IRL,SWZ
IRL,SYR
IRL,TCD
IRL,THA
IRL,TJK
IRL,TUN
IRL,TUR
IRL,TZA
IRL,UGA
IRL,UKR
IRL,USA
IRL,UZB
IRL,VAT
IRL,VCT
IRL,VEN
IRL,VNM
IRL,YEM
IRL,ZAF
IRL,ZMB
IRL,ZWE
IRN,AFG
IRN,AGO
IRN,ALB
IRN,ARE
IRN,ARG
IRN,ARM
IRN,AUS
IRN,AUT
IRN,AZE
IRN,BEL
IRN,BEN
IRN,BGD
IRN,BGR
IRN,BHR
IRN,BLR
IRN,BOL
IRN,BRA
IRN,BRN
IRN,CAF
IRN,CAN
IRN,CHE
IRN,CHL
IRN,CHN
IRN,CIV
IRN,CMR
IRN,COD
IRN,COL
IRN,COM
IRN,CRI
IRN,CUB
IRN,CYM
IRN,CYP
IRN,CZE
IRN,DEU
IRN,DJI
IRN,DNK
IRN,DZA
IRN,ECU
IRN,EGY
IRN,ERI
IRN,ESP
IRN,ETH
IRN,FIN
IRN,FJI
IRN,FRA
IRN,FSM
IRN,GBR
IRN,GHA
IRN,GIN
IRN,GMB
IRN,GRC
IRN,GRD
IRN,GTM
IRN,HND
IRN,HRV
IRN,HTI
IRN,HUN
IRN,IDN
IRN,IND
IRN,IRL
IRN,IRQ
IRN,ISR
IRN,ITA
IRN,JAM
IRN,JOR
IRN,JPN
IRN,KAZ
IRN,KEN
IRN,KGZ
IRN,KHM
IRN,KOR
IRN,KWT
IRN,LAO
IRN,LBN
IRN,LBR
IRN,LBY
IRN,LKA
IRN,LUX
IRN,MAR
IRN,MCO
IRN,MDV
IRN,MEX
IRN,MKD
IRN,MLI
IRN,MLT
IRN,MMR
IRN,MNG
IRN,MOZ
IRN,MRT
IRN,MWI
IRN,MYS
IRN,NAM
IRN,NGA
IRN,NIC
IRN,NLD
IRN,NOR
IRN,NPL
IRN,NRU
IRN,NZL
IRN,OMN
IRN,PAK
IRN,PAN
IRN,PER
IRN,PHL
IRN,PNG
IRN,POL
IRN,PRK
IRN,PRT
IRN,PSE
IRN,QAT
IRN,RUS
IRN,SAU
IRN,SDN
IRN,SEN
IRN,SGP
IRN,SLB
IRN,SLE
IRN,SOM
IRN,SRB
IRN,STP
IRN,SWE
IRN,SYR
IRN,TCD
IRN,TGO
IRN,THA
IRN,TJK
IRN,TKM
IRN,TUN
IRN,TUR
IRN,TWN
IRN,TZA
IRN,UGA
IRN,UKR
IRN,URY
IRN,USA
IRN,UZB
IRN,VAT
IRN,VEN
IRN,VNM
IRN,YEM
IRN,ZAF
IRN,ZMB
IRN,ZWE
IRQ,AFG
IRQ,ALB
IRQ,ARE
IRQ,ARG
IRQ,ARM
IRQ,ATG
IRQ,AUS
IRQ,AUT
IRQ,AZE
IRQ,BDI
IRQ,BEL
IRQ,BEN
IRQ,BGD
IRQ,BGR
IRQ,BHR
IRQ,BHS
IRQ,BLR
IRQ,BLZ
IRQ,BMU
IRQ,BRA
IRQ,BRB
IRQ,BWA
IRQ,CAF
IRQ,CAN
IRQ,CHE
IRQ,CHL
IRQ,CHN
IRQ,CIV
IRQ,COD
IRQ,COG
IRQ,COL
IRQ,CUB
IRQ,CYM
IRQ,CYP
IRQ,CZE
IRQ,DEU
IRQ,DNK
IRQ,DOM
IRQ,DZA
IRQ,ECU
IRQ,EGY
IRQ,ERI
IRQ,ESP
IRQ,EST
IRQ,ETH
IRQ,FIN
IRQ,FJI
IRQ,FRA
IRQ,FSM
IRQ,GBR
IRQ,GEO
IRQ,GHA
IRQ,GRC
IRQ,GTM
IRQ,HND
IRQ,HRV
IRQ,HTI
IRQ,HUN
IRQ,IDN
IRQ,IND
IRQ,IRL
IRQ,IRN
IRQ,ISL
IRQ,ISR
IRQ,ITA
IRQ,JAM
IRQ,JOR
IRQ,JPN
IRQ,KAZ
IRQ,KEN
IRQ,KGZ
IRQ,KHM
IRQ,KIR
IRQ,KOR
IRQ,KWT
IRQ,LBN
IRQ,LBR
IRQ,LBY
IRQ,LKA
IRQ,LSO
IRQ,LTU
IRQ,LUX
IRQ,LVA
IRQ,MAR
IRQ,MCO
IRQ,MDA
IRQ,MDG
IRQ,MDV
IRQ,MEX
IRQ,MKD
IRQ,MLI
IRQ,MMR
IRQ,MNG
IRQ,MOZ
IRQ,MRT
IRQ,MWI
IRQ,MYS
IRQ,NER
IRQ,NGA
IRQ,NIC
IRQ,NLD
IRQ,NOR
IRQ,NPL
IRQ,NRU
IRQ,NZL
IRQ,OMN
IRQ,PAK
IRQ,PAN
IRQ,PER
IRQ,PHL
IRQ,POL
IRQ,PRK
IRQ,PRT
IRQ,PSE
IRQ,QAT
IRQ,RUS
IRQ,RWA
IRQ,SAU
IRQ,SDN
IRQ,SGP
IRQ,SLB
IRQ,SLV
IRQ,SOM
IRQ,SRB
IRQ,SVK
IRQ,SWE
IRQ,SYR
IRQ,TCD
IRQ,THA
IRQ,TJK
IRQ,TKM
IRQ,TON
IRQ,TUN
IRQ,TUR
IRQ,TWN
IRQ,UGA
IRQ,UKR
IRQ,USA
IRQ,VAT
IRQ,VEN
IRQ,VNM
IRQ,YEM
IRQ,ZAF
IRQ,ZMB
IRQ,ZWE
ISL,AFG
ISL,ALB
ISL,ARE
ISL,ARG
ISL,ARM
ISL,ATG
ISL,AUS
ISL,BGR
ISL,BHS
ISL,BRA
ISL,CAN
ISL,CHE
ISL,CHN
ISL,CYP
ISL,CZE
ISL,DEU
ISL,DNK
ISL,ECU
ISL,ESP
ISL,EST
ISL,FIN
ISL,FRA
ISL,GBR
ISL,GRC
ISL,HKG
ISL,HTI
ISL,HUN
ISL,IRL
ISL,IRQ
ISL,ISR
ISL,ITA
ISL,JPN
ISL,LBN
ISL,LIE
ISL,LKA
ISL,LVA
ISL,MDA
ISL,MDV
ISL,MKD
ISL,MOZ
ISL,MWI
ISL,MYS
ISL,NLD
ISL,NOR
ISL,NPL
ISL,NZL
ISL,PAK
ISL,PAN
ISL,PHL
ISL,POL
ISL,PRT
ISL,PSE
ISL,QAT
ISL,RUS
ISL,SAU
ISL,SGP
ISL,SRB
ISL,SVK
ISL,SWE
ISL,SYR
ISL,THA
ISL,TUR
ISL,UGA
ISL,UKR
ISL,USA
ISL,VEN
ISL,VNM
ISR,AFG
ISR,AGO
ISR,ALB
ISR,ARE
ISR,ARG
ISR,ARM
ISR,AUS
ISR,AUT
ISR,AZE
ISR,BDI
ISR,BEL
ISR,BEN
ISR,BFA
ISR,BGD
ISR,BGR
ISR,BHR
ISR,BHS
ISR,BLR
ISR,BLZ
ISR,BMU
ISR,BOL
ISR,BRA
ISR,BRN
ISR,BTN
ISR,BWA
ISR,CAF
ISR,CAN
ISR,CHE
ISR,CHL
ISR,CHN
ISR,CIV
ISR,CMR
ISR,COD
ISR,COG
ISR,COL
ISR,COM
ISR,CRI
ISR,CUB
ISR,CYP
ISR,CZE
ISR,DEU
ISR,DJI
ISR,DNK
ISR,DOM
ISR,DZA
ISR,ECU
ISR,EGY
ISR,ERI
ISR,ESP
ISR,EST
ISR,ETH
ISR,FIN
ISR,FJI
ISR,FRA
ISR,FSM
ISR,GAB
ISR,GBR
ISR,GEO
ISR,GHA
ISR,GIN
ISR,GNB
ISR,GRC
ISR,GRD
ISR,GTM
ISR,HND
ISR,HRV
ISR,HTI
ISR,HUN
ISR,IDN
ISR,IND
ISR,IRL
ISR,IRN
ISR,IRQ
ISR,ISL
ISR,ITA
ISR,JAM
ISR,JOR
ISR,JPN
ISR,KAZ
ISR,KEN
ISR,KGZ
ISR,KHM
ISR,KNA
ISR,KOR
ISR,KWT
ISR,LAO
ISR,LBN
ISR,LBR
ISR,LBY
ISR,LKA
ISR,LTU
ISR,LUX
ISR,LVA
ISR,MAR
ISR,MCO
ISR,MDA
ISR,MDG
ISR,MDV
ISR,MEX
ISR,MKD
ISR,MLI
ISR,MLT
ISR,MMR
ISR,MNG
ISR,MOZ
ISR,MRT
ISR,MWI
ISR,MYS
ISR,NER
ISR,NGA
ISR,NIC
ISR,NLD
ISR,NOR
ISR,NPL
ISR,NZL
ISR,OMN
ISR,PAK
ISR,PAN
ISR,PER
ISR,PHL
ISR,PLW
ISR,PNG
ISR,POL
ISR,PRK
ISR,PRT
ISR,PRY
ISR,PSE
ISR,QAT
ISR,RUS
ISR,RWA
ISR,SAU
ISR,SDN
ISR,SEN
ISR,SGP
ISR,SLB
ISR,SLE
ISR,SLV
ISR,SOM
ISR,SRB
ISR,SVK
ISR,SWE
ISR,SWZ
ISR,SYC
ISR,SYR
ISR,TCD
ISR,TGO
ISR,THA
ISR,TJK
ISR,TKM
ISR,TTO
ISR,TUN
ISR,TUR
ISR,TWN
ISR,TZA
ISR,UGA
ISR,UKR
ISR,URY
ISR,USA
ISR,UZB
ISR,VAT
ISR,VEN
ISR,VNM
ISR,VUT
ISR,YEM
ISR,ZAF
ISR,ZMB
ISR,ZWE
ITA,ABW
ITA,AFG
ITA,AGO
ITA,ALB
ITA,ARE
ITA,ARG
ITA,ARM
ITA,ATG
ITA,AUS
ITA,AUT
ITA,AZE
ITA,BDI
ITA,BEL
ITA,BEN
ITA,BFA
ITA,BGD
ITA,BGR
ITA,BHR
ITA,BHS
ITA,BLR
ITA,BLZ
ITA,BMU
ITA,BOL
ITA,BRA
ITA,BRB
ITA,BRN
ITA,BWA
ITA,CAF
ITA,CAN
ITA,CHE
ITA,CHL
ITA,CHN
ITA,CIV
ITA,CMR
ITA,COD
ITA,COG
ITA,COK
ITA,COL
ITA,CPV
ITA,CRI
ITA,CUB
ITA,CYM
ITA,CYP
ITA,CZE
ITA,DEU
ITA,DJI
ITA,DNK
ITA,DOM
ITA,DZA
ITA,ECU
ITA,EGY
ITA,ERI
ITA,ESP
ITA,EST
ITA,ETH
ITA,FIN
ITA,FJI
ITA,FRA
ITA,FSM
ITA,GAB
ITA,GBR
ITA,GHA
ITA,GIN
ITA,GMB
ITA,GNB
ITA,GRC
ITA,GRD
ITA,GTM
ITA,GUY
ITA,HND
ITA,HRV
ITA,HTI
ITA,HUN
ITA,IDN
ITA,IND
ITA,IRL
ITA,IRN
ITA,IRQ
ITA,ISL
ITA,ISR
ITA,JAM
ITA,JOR
ITA,JPN
ITA,KAZ
ITA,KEN
ITA,KGZ
ITA,KHM
ITA,KOR
ITA,KWT
ITA,LAO
ITA,LBN
ITA,LBR
ITA,LBY
ITA,LCA
ITA,LIE
ITA,LKA
ITA,LTU
ITA,LUX
ITA,LVA
ITA,MAR
ITA,MCO
ITA,MDA
ITA,MDG
ITA,MDV
ITA,MEX
ITA,MKD
ITA,MLI
ITA,MLT
ITA,MMR
ITA,MOZ
ITA,MRT
ITA,MUS
ITA,MWI
ITA,MYS
ITA,NAM
ITA,NER
ITA,NGA
ITA,NIC
ITA,NLD
ITA,NOR
ITA,NPL
ITA,NZL
ITA,OMN
ITA,PAK
ITA,PAN
ITA,PER
ITA,PHL
ITA,POL
ITA,PRK
ITA,PRT
ITA,PRY
ITA,PSE
ITA,QAT
ITA,RUS
ITA,RWA
ITA,SAF
ITA,SAU
ITA,SDN
ITA,SEN
ITA,SGP
ITA,SLE
ITA,SLV
ITA,SMR
ITA,SOM
ITA,SRB
ITA,SVK
ITA,SWE
ITA,SWZ
ITA,SYC
ITA,SYR
ITA,TCD
ITA,TGO
ITA,THA
ITA,TJK
ITA,TUN
ITA,TUR
ITA,TWN
ITA,TZA
ITA,UGA
ITA,UKR
ITA,URY
ITA,USA
ITA,UZB
ITA,VAT
ITA,VCT
ITA,VEN
ITA,VNM
ITA,YEM
ITA,ZAF
ITA,ZMB
ITA,ZWE
JAM,AFG
JAM,AGO
JAM,ARE
JAM,ARM
JAM,ATG
JAM,AUS
JAM,AUT
JAM,BEL
JAM,BGD
JAM,BHS
JAM,BLZ
JAM,BMU
JAM,BOL
JAM,BRA
JAM,BRB
JAM,CAF
JAM,CAN
JAM,CHE
JAM,CHL
JAM,CHN
JAM,CRI
JAM,CUB
JAM,CYM
JAM,CYP
JAM,CZE
JAM,DEU
JAM,DMA
JAM,DOM
JAM,ECU
JAM,EGY
JAM,ESP
JAM,ETH
JAM,FRA
JAM,GBR
JAM,GHA
JAM,GRC
JAM,GRD
JAM,GTM
JAM,GUY
JAM,HKG
JAM,HND
JAM,HTI
JAM,IND
JAM,IRL
JAM,IRQ
JAM,ISR
JAM,ITA
JAM,JPN
JAM,KEN
JAM,KOR
JAM,KWT
JAM,LBN
JAM,LCA
JAM,LSO
JAM,MDV
JAM,MEX
JAM,MUS
JAM,MYS
JAM,NAM
JAM,NGA
JAM,NLD
JAM,NPL
JAM,NZL
JAM,PAK
JAM,PAN
JAM,PHL
JAM,PNG
JAM,POL
JAM,PRT
JAM,PRY
JAM,PSE
JAM,RUS
JAM,SAU
JAM,SDN
JAM,SOM
JAM,SUR
JAM,SYR
JAM,TCD
JAM,TTO
JAM,TUR
JAM,TZA
JAM,UGA
JAM,USA
JAM,UZB
JAM,VCT
JAM,VEN
JAM,VNM
JAM,ZAF
JAM,ZMB
JOR,AFG
JOR,ALB
JOR,ARE
JOR,ARG
JOR,ARM
JOR,AUS
JOR,AUT
JOR,AZE
JOR,BDI
JOR,BEL
JOR,BEN
JOR,BGD
JOR,BGR
JOR,BHR
JOR,BHS
JOR,BMU
JOR,BOL
JOR,BRA
JOR,BRN
JOR,BWA
JOR,CAF
JOR,CAN
JOR,CHE
JOR,CHL
JOR,CHN
JOR,CIV
JOR,COD
JOR,COG
JOR,COL
JOR,CUB
JOR,CYM
JOR,CYP
JOR,CZE
JOR,DEU
JOR,DJI
JOR,DNK
JOR,DOM
JOR,DZA
JOR,EGY
JOR,ERI
JOR,ESP
JOR,ETH
JOR,FIN
JOR,FJI
JOR,FRA
JOR,FSM
JOR,GBR
JOR,GHA
JOR,GIN
JOR,GMB
JOR,GRC
JOR,GRD
JOR,GTM
JOR,GUY
JOR,HRV
JOR,HTI
JOR,HUN
JOR,IDN
JOR,IND
JOR,IRL
JOR,IRN
JOR,IRQ
JOR,ISL
JOR,ISR
JOR,ITA
JOR,JAM
JOR,JPN
JOR,KAZ
JOR,KEN
JOR,KGZ
JOR,KHM
JOR,KNA
JOR,KOR
JOR,KWT
JOR,LBN
JOR,LBR
JOR,LBY
JOR,LIE
JOR,LKA
JOR,MAR
JOR,MCO
JOR,MDA
JOR,MDG
JOR,MDV
JOR,MEX
JOR,MKD
JOR,MLI
JOR,MLT
JOR,MNG
JOR,MRT
JOR,MWI
JOR,MYS
JOR,NAM
JOR,NER
JOR,NGA
JOR,NIC
JOR,NLD
JOR,NOR
JOR,NPL
JOR,NZL
JOR,OMN
JOR,PAK
JOR,PAN
JOR,PER
JOR,PHL
JOR,POL
JOR,PRK
JOR,PRT
JOR,PSE
JOR,QAT
JOR,RUS
JOR,RWA
JOR,SAU
JOR,SDN
JOR,SEN
JOR,SGP
JOR,SLE
JOR,SMR
JOR,SOM
JOR,SRB
JOR,SWE
JOR,SYC
JOR,SYR
JOR,TCD
JOR,THA
JOR,TJK
JOR,TUN
JOR,TUR
JOR,TWN
JOR,TZA
JOR,UGA
JOR,UKR
JOR,URY
JOR,USA
JOR,UZB
JOR,VCT
JOR,VEN
JOR,VNM
JOR,WSM
JOR,YEM
JOR,ZAF
JOR,ZWE
JPN,AFG
JPN,AGO
JPN,ALB
JPN,ARE
JPN,ARG
JPN,ARM
JPN,ATG
JPN,AUS
JPN,AUT
JPN,AZE
JPN,BDI
JPN,BEL
JPN,BEN
JPN,BFA
JPN,BGD
JPN,BGR
JPN,BHR
JPN,BHS
JPN,BLR
JPN,BLZ
JPN,BMU
JPN,BOL
JPN,BRA
JPN,BRB
JPN,BRN
JPN,BTN
JPN,BWA
JPN,CAF
JPN,CAN
JPN,CHE
JPN,CHL
JPN,CHN
JPN,CIV
JPN,CMR
JPN,COD
JPN,COG
JPN,COK
JPN,COL
JPN,CPV
JPN,CRI
JPN,CUB
JPN,CYM
JPN,CYP
JPN,CZE
JPN,DEU
JPN,DJI
JPN,DMA
JPN,DNK
JPN,DOM
JPN,DZA
JPN,ECU
JPN,EGY
JPN,ERI
JPN,ESP
JPN,EST
JPN,ETH
JPN,FIN
JPN,FJI
JPN,FRA
JPN,FSM
JPN,GBR
JPN,GHA
JPN,GIN
JPN,GMB
JPN,GNB
JPN,GRC
JPN,GRD
JPN,GTM
JPN,GUY
JPN,HKG
JPN,HND
JPN,HRV
JPN,HTI
JPN,HUN
JPN,IDN
JPN,IND
JPN,IRL
JPN,IRN
JPN,IRQ
JPN,ISL
JPN,ISR
JPN,ITA
JPN,JAM
JPN,JOR
JPN,KAZ
JPN,KEN
JPN,KGZ
JPN,KHM
JPN,KIR
JPN,KNA
JPN,KOR
JPN,KWT
JPN,LAO
JPN,LBN
JPN,LBR
JPN,LBY
JPN,LCA
JPN,LIE
JPN,LKA
JPN,LSO
JPN,LTU
JPN,LUX
JPN,LVA
JPN,MAC
JPN,MAR
JPN,MCO
JPN,MDA
JPN,MDG
JPN,MDV
JPN,MEX
JPN,MHL
JPN,MKD
JPN,MLI
JPN,MLT
JPN,MMR
JPN,MNG
JPN,MOZ
JPN,MRT
JPN,MUS
JPN,MWI
JPN,MYS
JPN,NAM
JPN,NER
JPN,NGA
JPN,NIC
JPN,NLD
JPN,NOR
JPN,NPL
JPN,NZL
JPN,OMN
JPN,PAK
JPN,PAN
JPN,PER
JPN,PHL
JPN,PLW
JPN,PNG
JPN,POL
JPN,PRK
JPN,PRT
JPN,PRY
JPN,PSE
JPN,QAT
JPN,RUS
JPN,RWA
JPN,SAF
JPN,SAU
JPN,SDN
JPN,SEN
JPN,SGP
JPN,SHN
JPN,SLB
JPN,SLE
JPN,SLV
JPN,SOM
JPN,SRB
JPN,STP
JPN,SUR
JPN,SVK
JPN,SWE
JPN,SWZ
JPN,SYC
JPN,SYR
JPN,TCD
JPN,TGO
JPN,THA
JPN,TJK
JPN,TKM
JPN,TON
JPN,TTO
JPN,TUN
JPN,TUR
JPN,TUV
JPN,TWN
JPN,TZA
JPN,UGA
JPN,UKR
JPN,URY
JPN,USA
JPN,UZB
JPN,VAT
JPN,VCT
JPN,VEN
JPN,VNM
JPN,VUT
JPN,WSM
JPN,YEM
JPN,ZAF
JPN,ZMB
JPN,ZWE
KAZ,AFG
KAZ,ARE
KAZ,ARM
KAZ,AUS
KAZ,AUT
KAZ,AZE
KAZ,BEL
KAZ,BGD
KAZ,BGR
KAZ,BHR
KAZ,BLR
KAZ,BRA
KAZ,CAN
KAZ,CHE
KAZ,CHN
KAZ,COL
KAZ,CUB
KAZ,DEU
KAZ,ECU
KAZ,EGY
KAZ,ESP
KAZ,EST
KAZ,FIN
KAZ,FRA
KAZ,GBR
KAZ,HTI
KAZ,HUN
KAZ,IND
KAZ,IRN
KAZ,IRQ
KAZ,ISR
KAZ,ITA
KAZ,JOR
KAZ,JPN
KAZ,KGZ
KAZ,KHM
KAZ,KOR
KAZ,KWT
KAZ,LBN
KAZ,LKA
KAZ,LTU
KAZ,LVA
KAZ,MAR
KAZ,MDV
KAZ,MEX
KAZ,MKD
KAZ,MNG
KAZ,MOZ
KAZ,MYS
KAZ,NOR
KAZ,NPL
KAZ,NZL
KAZ,OMN
KAZ,PAK
KAZ,POL
KAZ,PRT
KAZ,PRY
KAZ,PSE
KAZ,QAT
KAZ,RUS
KAZ,SAU
KAZ,SDN
KAZ,SEN
KAZ,SGP
KAZ,SLE
KAZ,SOM
KAZ,SRB
KAZ,SVK
KAZ,SWE
KAZ,SYR
KAZ,TGO
KAZ,THA
KAZ,TJK
KAZ,TKM
KAZ,TUR
KAZ,TZA
KAZ,UGA
KAZ,UKR
KAZ,USA
KAZ,UZB
KAZ,VAT
KAZ,VEN
KAZ,VNM
KAZ,ZMB
KEN,AFG
KEN,AGO
KEN,ALB
KEN,ARE
KEN,ARG
KEN,AUS
KEN,AUT
KEN,BDI
KEN,BEL
KEN,BEN
KEN,BFA
KEN,BGD
KEN,BHR
KEN,BMU
KEN,BOL
KEN,BRA
KEN,BRB
KEN,BTN
KEN,BWA
KEN,CAF
KEN,CAN
KEN,CHE
KEN,CHL
KEN,CHN
KEN,CIV
KEN,CMR
KEN,COD
KEN,COG
KEN,COL
KEN,COM
KEN,CRI
KEN,CUB
KEN,CYP
KEN,CZE
KEN,DEU
KEN,DJI
KEN,DNK
KEN,DOM
KEN,DZA
KEN,ECU
KEN,EGY
KEN,ERI
KEN,ESP
KEN,ETH
KEN,FIN
KEN,FRA
KEN,FSM
KEN,GBR
KEN,GHA
KEN,GIN
KEN,GMB
KEN,GNQ
KEN,GRC
KEN,GTM
KEN,HKG
KEN,HND
KEN,HRV
KEN,HTI
KEN,HUN
KEN,IDN
KEN,IND
KEN,IRL
KEN,IRN
KEN,IRQ
KEN,ISR
KEN,ITA
KEN,JAM
KEN,JOR
KEN,JPN
KEN,KHM
KEN,KIR
KEN,KOR
KEN,KWT
KEN,LAO
KEN,LBN
KEN,LBR
KEN,LBY
KEN,LKA
KEN,LSO
KEN,LUX
KEN,MAR
KEN,MCO
KEN,MDG
KEN,MDV
KEN,MEX
KEN,MLI
KEN,MLT
KEN,MNG
KEN,MOZ
KEN,MRT
KEN,MUS
KEN,MWI
KEN,MYS
KEN,NAM
KEN,NER
KEN,NGA
KEN,NLD
KEN,NOR
KEN,NPL
KEN,NZL
KEN,OMN
KEN,PAK
KEN,PAN
KEN,PER
KEN,PHL
KEN,PNG
KEN,POL
KEN,PRK
KEN,PRT
KEN,QAT
KEN,RUS
KEN,RWA
KEN,SAU
KEN,SDN
KEN,SEN
KEN,SGP
KEN,SLB
KEN,SLE
KEN,SLV
KEN,SOM
KEN,SVK
KEN,SWE
KEN,SWZ
KEN,SYC
KEN,SYR
KEN,TCD
KEN,TGO
KEN,THA
KEN,TTO
KEN,TUN
KEN,TUR
KEN,TWN
KEN,TZA
KEN,UGA
KEN,UKR
KEN,USA
KEN,VCT
KEN,VNM
KEN,YEM
KEN,ZAF
KEN,ZMB
KEN,ZWE
KGZ,AFG
KGZ,ARE
KGZ,ARM
KGZ,AUS
KGZ,AUT
KGZ,AZE
KGZ,BEL
KGZ,BGD
KGZ,BLR
KGZ,CAN
KGZ,CHE
KGZ,CHN
KGZ,CMR
KGZ,CUB
KGZ,CZE
KGZ,DEU
KGZ,EGY
KGZ,ESP
KGZ,FIN
KGZ,FRA
KGZ,GBR
KGZ,IND
KGZ,IRN
KGZ,IRQ
KGZ,ISR
KGZ,ITA
KGZ,JPN
KGZ,KAZ
KGZ,KOR
KGZ,KWT
KGZ,LBR
KGZ,LTU
KGZ,MAR
KGZ,MDA
KGZ,MEX
KGZ,MNG
KGZ,MYS
KGZ,NLD
KGZ,NOR
KGZ,NPL
KGZ,NZL
KGZ,PAK
KGZ,PHL
KGZ,POL
KGZ,PSE
KGZ,QAT
KGZ,RUS
KGZ,SAU
KGZ,SDN
KGZ,SVK
KGZ,SWE
KGZ,SYR
KGZ,TJK
KGZ,TKM
KGZ,TUR
KGZ,UKR
KGZ,USA
KGZ,UZB
KGZ,VEN
KGZ,YEM
KHM,AFG
KHM,AGO
KHM,ALB
KHM,AUS
KHM,AZE
KHM,BEL
KHM,BGD
KHM,BGR
KHM,BRA
KHM,BRN
KHM,BTN
KHM,CAF
KHM,CAN
KHM,CHE
KHM,CHL
KHM,CHN
KHM,COD
KHM,COG
KHM,CUB
KHM,CYP
KHM,CZE
KHM,DEU
KHM,DNK
KHM,EGY
KHM,ESP
KHM,ETH
KHM,FIN
KHM,FRA
KHM,GBR
KHM,GRD
KHM,GUY
KHM,HRV
KHM,HTI
KHM,HUN
KHM,IDN
KHM,IND
KHM,IRL
KHM,IRN
KHM,IRQ
KHM,ISR
KHM,JOR
KHM,JPN
KHM,KAZ
KHM,KEN
KHM,KOR
KHM,KWT
KHM,LAO
KHM,LBN
KHM,LBR
KHM,LBY
KHM,LKA
KHM,MDV
KHM,MEX
KHM,MLI
KHM,MMR
KHM,MNG
KHM,MOZ
KHM,MUS
KHM,MYS
KHM,NAM
KHM,NIC
KHM,NLD
KHM,NOR
KHM,NPL
KHM,NRU
KHM,NZL
KHM,PAK
KHM,PHL
KHM,PNG
KHM,POL
KHM,PRK
KHM,PSE
KHM,QAT
KHM,RUS
KHM,RWA
KHM,SAU
KHM,SDN
KHM,SGP
KHM,SLB
KHM,SOM
KHM,SRB
KHM,SWE
KHM,SYR
KHM,TCD
KHM,THA
KHM,TUR
KHM,TWN
KHM,TZA
KHM,UGA
KHM,USA
KHM,VEN
KHM,VNM
KHM,YEM
KHM,ZAF
KHM,ZMB
KHM,ZWE
KIR,AUS
KIR,BGD
KIR,BRB
KIR,BTN
KIR,CHN
KIR,DEU
KIR,FJI
KIR,FRA
KIR,FSM
KIR,GBR
KIR,GHA
KIR,JPN
KIR,KEN
KIR,MDV
KIR,MHL
KIR,MNG
KIR,NPL
KIR,NRU
KIR,NZL
KIR,RUS
KIR,RWA
KIR,SLB
KIR,TUV
KIR,TWN
KIR,USA
KIR,VUT
KIR,ZWE
KNA,ARE
KNA,ATG
KNA,AUS
KNA,BRB
KNA,CAN
KNA,CHN
KNA,DMA
KNA,DNK
KNA,DOM
KNA,FJI
KNA,FRA
KNA,GBR
KNA,GHA
KNA,GRD
KNA,GUY
KNA,ISR
KNA,JAM
KNA,JPN
KNA,KWT
KNA,LSO
KNA,NZL
KNA,PRT
KNA,RUS
KNA,SWE
KNA,SYC
KNA,TTO
KNA,TWN
KNA,USA
KNA,VCT
KNA,YEM
KNA,ZMB
KOR,AFG
KOR,AGO
KOR,ALB
KOR,ARE
KOR,ARG
KOR,ARM
KOR,AUS
KOR,AUT
KOR,AZE
KOR,BEL
KOR,BFA
KOR,BGD
KOR,BGR
KOR,BHR
KOR,BLZ
KOR,BOL
KOR,BRA
KOR,BRN
KOR,BWA
KOR,CAN
KOR,CHE
KOR,CHL
KOR,CHN
KOR,CIV
KOR,CMR
KOR,COD
KOR,COG
KOR,COL
KOR,CUB
KOR,CYM
KOR,CZE
KOR,DEU
KOR,DNK
KOR,DOM
KOR,DZA
KOR,ECU
KOR,EGY
KOR,ESP
KOR,ETH
KOR,FIN
KOR,FJI
KOR,FRA
KOR,FSM
KOR,GBR
KOR,GHA
KOR,GIN
KOR,GNB
KOR,GRC
KOR,GRD
KOR,GTM
KOR,GUY
KOR,HKG
KOR,HND
KOR,HRV
KOR,HTI
KOR,HUN
KOR,IDN
KOR,IND
KOR,IRL
KOR,IRN
KOR,IRQ
KOR,ISR
KOR,ITA
KOR,JAM
KOR,JOR
KOR,JPN
KOR,KAZ
KOR,KEN
KOR,KGZ
KOR,KHM
KOR,KWT
KOR,LAO
KOR,LBN
KOR,LBR
KOR,LBY
KOR,LCA
KOR,LIE
KOR,LKA
KOR,LTU
KOR,LUX
KOR,LVA
KOR,MAC
KOR,MAR
KOR,MCO
KOR,MDA
KOR,MDG
KOR,MDV
KOR,MEX
KOR,MHL
KOR,MKD
KOR,MLI
KOR,MMR
KOR,MNG
KOR,MOZ
KOR,MWI
KOR,MYS
KOR,NAM
KOR,NER
KOR,NGA
KOR,NIC
KOR,NLD
KOR,NOR
KOR,NPL
KOR,NZL
KOR,OMN
KOR,PAK
KOR,PAN
KOR,PER
KOR,PHL
KOR,POL
KOR,PRK
KOR,PRT
KOR,PRY
KOR,PSE
KOR,QAT
KOR,RUS
KOR,RWA
KOR,SAF
KOR,SAU
KOR,SDN
KOR,SGP
KOR,SLE
KOR,SLV
KOR,SMR
KOR,SOM
KOR,SRB
KOR,SUR
KOR,SWE
KOR,SYR
KOR,TGO
KOR,THA
KOR,TJK
KOR,TKM
KOR,TTO
KOR,TUN
KOR,TUR
KOR,TWN
KOR,TZA
KOR,UGA
KOR,UKR
KOR,URY
KOR,USA
KOR,UZB
KOR,VAT
KOR,VEN
KOR,VNM
KOR,VUT
KOR,YEM
KOR,ZAF
KOR,ZMB
KOR,ZWE
KWT,AFG
KWT,AGO
KWT,ALB
KWT,ARE
KWT,ARG
KWT,ARM
KWT,AUS
KWT,AUT
KWT,AZE
KWT,BEL
KWT,BEN
KWT,BFA
KWT,BGD
KWT,BGR
KWT,BHR
KWT,BLZ
KWT,BRA
KWT,BRN
KWT,BTN
KWT,BWA
KWT,CAF
KWT,CAN
KWT,CHE
KWT,CHN
KWT,CIV
KWT,CMR
KWT,COM
KWT,CUB
KWT,CYM
KWT,CYP
KWT,CZE
KWT,DEU
KWT,DJI
KWT,DNK
KWT,DOM
KWT,DZA
KWT,EGY
KWT,ESP
KWT,EST
KWT,ETH
KWT,FIN
KWT,FRA
KWT,FSM
KWT,GBR
KWT,GHA
KWT,GIN
KWT,GMB
KWT,GRC
KWT,GRD
KWT,GUY
KWT,HRV
KWT,HTI
KWT,HUN
KWT,IDN
KWT,IND
KWT,IRL
KWT,IRN
KWT,IRQ
KWT,ISR
KWT,ITA
KWT,JOR
KWT,JPN
KWT,KAZ
KWT,KEN
KWT,KGZ
KWT,KHM
KWT,KOR
KWT,LBN
KWT,LBR
KWT,LBY
KWT,LCA
KWT,LKA
KWT,LSO
KWT,LUX
KWT,MAR
KWT,MDG
KWT,MDV
KWT,MEX
KWT,MLI
KWT,MLT
KWT,MMR
KWT,MNG
KWT,MOZ
KWT,MRT
KWT,MWI
KWT,MYS
KWT,NAM
KWT,NER
KWT,NGA
KWT,NLD
KWT,NOR
KWT,NPL
KWT,NZL
KWT,OMN
KWT,PAK
KWT,PER
KWT,PHL
KWT,POL
KWT,PRK
KWT,PRT
KWT,PSE
KWT,QAT
KWT,RUS
KWT,RWA
KWT,SAU
KWT,SDN
KWT,SEN
KWT,SGP
KWT,SLE
KWT,SOM
KWT,SRB
KWT,SWE
KWT,SWZ
KWT,SYR
KWT,TCD
KWT,THA
KWT,TJK
KWT,TKM
KWT,TUN
KWT,TUR
KWT,TWN
KWT,TZA
KWT,UGA
KWT,UKR
KWT,USA
KWT,UZB
KWT,VCT
KWT,VEN
KWT,VNM
KWT,YEM
KWT,ZAF
KWT,ZMB
KWT,ZWE
LAM,USA
LAO,AUS
LAO,BDI
LAO,BGD
LAO,BLZ
LAO,BRN
LAO,CAN
LAO,CHE
LAO,CHN
LAO,CUB
LAO,DEU
LAO,DNK
LAO,FIN
LAO,FRA
LAO,GBR
LAO,GRC
LAO,IDN
LAO,IND
LAO,IRQ
LAO,ISL
LAO,JPN
LAO,KEN
LAO,KHM
LAO,KOR
LAO,KWT
LAO,LKA
LAO,MEX
LAO,MMR
LAO,MNG
LAO,MYS
LAO,NOR
LAO,NPL
LAO,PAK
LAO,PER
LAO,PHL
LAO,PRK
LAO,RUS
LAO,SAU
LAO,SGP
LAO,SMR
LAO,SWE
LAO,THA
LAO,USA
LAO,VEN
LAO,VNM
LAO,ZMB
LBN,AFG
LBN,AGO
LBN,ALB
LBN,ARE
LBN,ARG
LBN,ARM
LBN,AUS
LBN,AUT
LBN,AZE
LBN,BEL
LBN,BEN
LBN,BGD
LBN,BGR
LBN,BHR
LBN,BHS
LBN,BLZ
LBN,BMU
LBN,BOL
LBN,BRA
LBN,BRB
LBN,BRN
LBN,BWA
LBN,CAF
LBN,CAN
LBN,CHE
LBN,CHN
LBN,CIV
LBN,CMR
LBN,COD
LBN,COG
LBN,COL
LBN,CUB
LBN,CYP
LBN,CZE
LBN,DEU
LBN,DNK
LBN,DOM
LBN,DZA
LBN,ECU
LBN,EGY
LBN,ERI
LBN,ESP
LBN,EST
LBN,ETH
LBN,FIN
LBN,FJI
LBN,FRA
LBN,FSM
LBN,GBR
LBN,GHA
LBN,GIN
LBN,GMB
LBN,GNB
LBN,GRC
LBN,GRD
LBN,HTI
LBN,HUN
LBN,IDN
LBN,IND
LBN,IRL
LBN,IRN
LBN,IRQ
LBN,ISL
LBN,ISR
LBN,ITA
LBN,JAM
LBN,JOR
LBN,JPN
LBN,KEN
LBN,KOR
LBN,KWT
LBN,LBR
LBN,LBY
LBN,LKA
LBN,LTU
LBN,LUX
LBN,MAR
LBN,MCO
LBN,MDV
LBN,MEX
LBN,MKD
LBN,MLI
LBN,MLT
LBN,MYS
LBN,NGA
LBN,NIC
LBN,NLD
LBN,NOR
LBN,NPL
LBN,NZL
LBN,OMN
LBN,PAK
LBN,PAN
LBN,PER
LBN,PHL
LBN,PNG
LBN,POL
LBN,PRK
LBN,PRT
LBN,PRY
LBN,PSE
LBN,QAT
LBN,RUS
LBN,SAU
LBN,SDN
LBN,SEN
LBN,SLE
LBN,SOM
LBN,SRB
LBN,SWE
LBN,SYC
LBN,SYR
LBN,TCD
LBN,THA
LBN,TUN
LBN,TUR
LBN,TZA
LBN,UGA
LBN,UKR
LBN,URY
LBN,USA
LBN,UZB
LBN,VAT
LBN,VCT
LBN,VEN
LBN,YEM
LBN,ZAF
LBN,ZMB
LBN,ZWE
LBR,AFG
LBR,AGO
LBR,ARE
LBR,AUS
LBR,AUT
LBR,BDI
LBR,BEL
LBR,BEN
LBR,BFA
LBR,BGD
LBR,BHS
LBR,BRB
LBR,BRN
LBR,BWA
LBR,CAF
LBR,CAN
LBR,CHE
LBR,CHL
LBR,CHN
LBR,CIV
LBR,CMR
LBR,COD
LBR,COG
LBR,COM
LBR,CRI
LBR,CUB
LBR,DEU
LBR,DJI
LBR,DNK
LBR,DOM
LBR,EGY
LBR,ERI
LBR,ESP
LBR,ETH
LBR,FIN
LBR,FRA
LBR,GAB
LBR,GBR
LBR,GHA
LBR,GIN
LBR,GMB
LBR,GNB
LBR,GRC
LBR,GRD
LBR,GTM
LBR,GUY
LBR,HTI
LBR,IDN
LBR,IND
LBR,IRL
LBR,IRQ
LBR,ISR
LBR,ITA
LBR,JOR
LBR,JPN
LBR,KEN
LBR,KHM
LBR,LBN
LBR,LBY
LBR,LSO
LBR,LUX
LBR,MAR
LBR,MLI
LBR,MLT
LBR,MRT
LBR,MYS
LBR,NAM
LBR,NER
LBR,NGA
LBR,NIC
LBR,NLD
LBR,NOR
LBR,NZL
LBR,PAK
LBR,PHL
LBR,POL
LBR,PRT
LBR,PSE
LBR,RUS
LBR,RWA
LBR,SAU
LBR,SDN
LBR,SEN
LBR,SLE
LBR,SOM
LBR,STP
LBR,SWE
LBR,TCD
LBR,TGO
LBR,TUN
LBR,TUR
LBR,TZA
LBR,UGA
LBR,UKR
LBR,USA
LBR,UZB
LBR,VNM
LBR,ZAF
LBR,ZMB
LBR,ZWE
LBY,AFG
LBY,AGO
LBY,ALB
LBY,ARE
LBY,ARG
LBY,ARM
LBY,AUS
LBY,AUT
LBY,AZE
LBY,BDI
LBY,BEL
LBY,BEN
LBY,BFA
LBY,BGD
LBY,BGR
LBY,BHR
LBY,BLR
LBY,BRA
LBY,BRN
LBY,BWA
LBY,CAF
LBY,CAN
LBY,CHE
LBY,CHL
LBY,CHN
LBY,CIV
LBY,CMR
LBY,COD
LBY,COG
LBY,COL
LBY,COM
LBY,CUB
LBY,CYP
LBY,CZE
LBY,DEU
LBY,DJI
LBY,DMA
LBY,DNK
LBY,DZA
LBY,EGY
LBY,ERI
LBY,ESP
LBY,ETH
LBY,FIN
LBY,FRA
LBY,FSM
LBY,GAB
LBY,GBR
LBY,GHA
LBY,GIN
LBY,GMB
LBY,GNB
LBY,GRC
LBY,GRD
LBY,GTM
LBY,GUY
LBY,HRV
LBY,HTI
LBY,HUN
LBY,IDN
LBY,IND
LBY,IRL
LBY,IRN
LBY,IRQ
LBY,ISR
LBY,ITA
LBY,JOR
LBY,JPN
LBY,KEN
LBY,KOR
LBY,KWT
LBY,LBN
LBY,LBR
LBY,LKA
LBY,LSO
LBY,LUX
LBY,MAR
LBY,MDA
LBY,MDG
LBY,MDV
LBY,MLI
LBY,MLT
LBY,MMR
LBY,MOZ
LBY,MRT
LBY,MUS
LBY,MWI
LBY,MYS
LBY,NAM
LBY,NER
LBY,NGA
LBY,NIC
LBY,NLD
LBY,NOR
LBY,NPL
LBY,NZL
LBY,OMN
LBY,PAK
LBY,PHL
LBY,POL
LBY,PRK
LBY,PRT
LBY,PSE
LBY,QAT
LBY,RUS
LBY,RWA
LBY,SAU
LBY,SDN
LBY,SEN
LBY,SGP
LBY,SLE
LBY,SOM
LBY,STP
LBY,SVK
LBY,SWE
LBY,SYC
LBY,SYR
LBY,TCD
LBY,TGO
LBY,THA
LBY,TUN
LBY,TUR
LBY,TZA
LBY,UGA
LBY,UKR
LBY,USA
LBY,VAT
LBY,VCT
LBY,VEN
LBY,VNM
LBY,YEM
LBY,ZAF
LBY,ZMB
LBY,ZWE
LCA,AFG
LCA,AGO
LCA,ATG
LCA,AUS
LCA,BLZ
LCA,BRA
LCA,BRB
LCA,CAN
LCA,CHL
LCA,CHN
LCA,CRI
LCA,CUB
LCA,DEU
LCA,DMA
LCA,FRA
LCA,GBR
LCA,GIN
LCA,GMB
LCA,GRC
LCA,GRD
LCA,GUY
LCA,IDN
LCA,ITA
LCA,JAM
LCA,JPN
LCA,KEN
LCA,KHM
LCA,KNA
LCA,LBY
LCA,MOZ
LCA,NAM
LCA,NZL
LCA,PER
LCA,PHL
LCA,SAU
LCA,SLB
LCA,THA
LCA,TTO
LCA,TWN
LCA,TZA
LCA,USA
LCA,VCT
LCA,VEN
LCA,ZAF
LIE,AUS
LIE,AUT
LIE,BGR
LIE,BHS
LIE,CAN
LIE,CHE
LIE,CUB
LIE,CYP
LIE,CZE
LIE,DEU
LIE,DOM
LIE,ESP
LIE,EST
LIE,FIN
LIE,FRA
LIE,GBR
LIE,GRC
LIE,HUN
LIE,IRN
LIE,ISL
LIE,ISR
LIE,JOR
LIE,JPN
LIE,KAZ
LIE,KOR
LIE,LBY
LIE,LTU
LIE,LUX
LIE,MCO
LIE,MDG
LIE,NGA
LIE,NLD
LIE,NOR
LIE,PRT
LIE,PSE
LIE,RUS
LIE,SGP
LIE,SVK
LIE,SWE
LIE,TWN
LIE,UKR
LIE,USA
LIE,VAT
LIE,VNM
LKA,AFG
LKA,ARE
LKA,ARG
LKA,AUS
LKA,AUT
LKA,BEL
LKA,BGD
LKA,BHR
LKA,BOL
LKA,BRA
LKA,BRN
LKA,BTN
LKA,BWA
LKA,CAF
LKA,CAN
LKA,CHE
LKA,CHL
LKA,CHN
LKA,CMR
LKA,COD
LKA,COG
LKA,COL
LKA,CRI
LKA,CUB
LKA,CYM
LKA,CYP
LKA,CZE
LKA,DEU
LKA,DNK
LKA,EGY
LKA,ESP
LKA,EST
LKA,FIN
LKA,FJI
LKA,FRA
LKA,FSM
LKA,GBR
LKA,GRC
LKA,GUY
LKA,HTI
LKA,IDN
LKA,IND
LKA,IRL
LKA,IRN
LKA,IRQ
LKA,ISL
LKA,ISR
LKA,ITA
LKA,JOR
LKA,JPN
LKA,KAZ
LKA,KEN
LKA,KGZ
LKA,KHM
LKA,KOR
LKA,KWT
LKA,LAO
LKA,LBN
LKA,LBR
LKA,LBY
LKA,LCA
LKA,MAR
LKA,MDV
LKA,MEX
LKA,MHL
LKA,MLI
LKA,MLT
LKA,MMR
LKA,MOZ
LKA,MUS
LKA,MYS
LKA,NAM
LKA,NGA
LKA,NLD
LKA,NOR
LKA,NPL
LKA,NRU
LKA,NZL
LKA,OMN
LKA,PAK
LKA,PAN
LKA,PER
LKA,PHL
LKA,POL
LKA,PRT
LKA,PSE
LKA,QAT
LKA,RUS
LKA,SAU
LKA,SDN
LKA,SGP
LKA,SLB
LKA,SLV
LKA,SOM
LKA,SVK
LKA,SWE
LKA,SYC
LKA,SYR
LKA,THA
LKA,TJK
LKA,TKM
LKA,TUR
LKA,TZA
LKA,UGA
LKA,UKR
LKA,USA
LKA,UZB
LKA,VAT
LKA,VNM
LKA,VUT
LKA,YEM
LKA,ZAF
LKA,ZMB
LKA,ZWE
LSO,BWA
LSO,CAN
LSO,CHN
LSO,DEU
LSO,DNK
LSO,FRA
LSO,GBR
LSO,GHA
LSO,IRL
LSO,IRQ
LSO,ITA
LSO,JAM
LSO,KEN
LSO,KHM
LSO,LBY
LSO,MDG
LSO,MOZ
LSO,MWI
LSO,MYS
LSO,NAM
LSO,NGA
LSO,NOR
LSO,PRK
LSO,SAF
LSO,SWZ
LSO,SYR
LSO,TZA
LSO,USA
LSO,ZAF
LSO,ZMB
LSO,ZWE
LTU,AFG
LTU,ALB
LTU,ARE
LTU,ARM
LTU,AUS
LTU,AUT
LTU,AZE
LTU,BEL
LTU,BGR
LTU,BLR
LTU,BRA
LTU,CAF
LTU,CAN
LTU,CHE
LTU,CHL
LTU,CHN
LTU,CYP
LTU,CZE
LTU,DEU
LTU,DNK
LTU,ECU
LTU,ESP
LTU,EST
LTU,ETH
LTU,FIN
LTU,FJI
LTU,FRA
LTU,GBR
LTU,GRC
LTU,HRV
LTU,HTI
LTU,HUN
LTU,IRL
LTU,IRQ
LTU,ISR
LTU,ITA
LTU,JPN
LTU,KAZ
LTU,KGZ
LTU,KHM
LTU,KOR
LTU,KWT
LTU,LBN
LTU,LKA
LTU,LUX
LTU,LVA
LTU,MDA
LTU,MEX
LTU,MKD
LTU,MLI
LTU,MLT
LTU,MWI
LTU,MYS
LTU,NLD
LTU,NOR
LTU,OMN
LTU,PAK
LTU,POL
LTU,PRT
LTU,PSE
LTU,RUS
LTU,SDN
LTU,SOM
LTU,SRB
LTU,SVK
LTU,SWE
LTU,SYR
LTU,TKM
LTU,TUR
LTU,TZA
LTU,UGA
LTU,UKR
LTU,USA
LTU,YEM
LTU,ZAF
LUX,AFG
LUX,AGO
LUX,ARE
LUX,ARG
LUX,ARM
LUX,AUS
LUX,AUT
LUX,BEL
LUX,BFA
LUX,BGD
LUX,BGR
LUX,BRA
LUX,CAN
LUX,CHE
LUX,CHL
LUX,CHN
LUX,COD
LUX,COG
LUX,CPV
LUX,CRI
LUX,CUB
LUX,CYM
LUX,CYP
LUX,CZE
LUX,DEU
LUX,DNK
LUX,ECU
LUX,ESP
LUX,EST
LUX,FIN
LUX,FRA
LUX,GBR
LUX,GRC
LUX,GTM
LUX,HRV
LUX,HTI
LUX,HUN
LUX,IDN
LUX,IND
LUX,IRL
LUX,IRN
LUX,IRQ
LUX,ISL
LUX,ISR
LUX,ITA
LUX,JOR
LUX,JPN
LUX,KHM
LUX,KOR
LUX,LAO
LUX,LBR
LUX,LBY
LUX,LIE
LUX,LKA
LUX,LTU
LUX,LVA
LUX,MDA
LUX,MEX
LUX,MKD
LUX,MLI
LUX,MLT
LUX,MNG
LUX,MUS
LUX,MYS
LUX,NAM
LUX,NER
LUX,NGA
LUX,NIC
LUX,NLD
LUX,NOR
LUX,NPL
LUX,NZL
LUX,OMN
LUX,PAK
LUX,PHL
LUX,POL
LUX,PRT
LUX,PSE
LUX,QAT
LUX,RUS
LUX,SAU
LUX,SEN
LUX,SGP
LUX,SLE
LUX,SRB
LUX,SVK
LUX,SWE
LUX,SYC
LUX,SYR
LUX,TUN
LUX,TUR
LUX,TWN
LUX,TZA
LUX,UKR
LUX,USA
LUX,VEN
LUX,VNM
LUX,ZAF
LVA,AFG
LVA,ALB
LVA,ARM
LVA,AUS
LVA,AUT
LVA,AZE
LVA,BEL
LVA,BGR
LVA,BLR
LVA,CAN
LVA,CHE
LVA,CHN
LVA,CUB
LVA,CYP
LVA,CZE
LVA,DEU
LVA,DNK
LVA,DZA
LVA,EGY
LVA,ERI
LVA,ESP
LVA,EST
LVA,FIN
LVA,FJI
LVA,FRA
LVA,GBR
LVA,GRC
LVA,HRV
LVA,HUN
LVA,IDN
LVA,IND
LVA,IRL
LVA,IRN
LVA,IRQ
LVA,ISL
LVA,ISR
LVA,ITA
LVA,JOR
LVA,JPN
LVA,KAZ
LVA,KGZ
LVA,KWT
LVA,LBN
LVA,LTU
LVA,MAR
LVA,MDA
LVA,MEX
LVA,MLI
LVA,MLT
LVA,NLD
LVA,NOR
LVA,NZL
LVA,PAK
LVA,PAN
LVA,PHL
LVA,POL
LVA,PRT
LVA,PSE
LVA,QAT
LVA,RUS
LVA,SAU
LVA,SDN
LVA,SLE
LVA,SRB
LVA,SVK
LVA,SWE
LVA,SYR
LVA,TKM
LVA,TUR
LVA,UKR
LVA,USA
LVA,UZB
LVA,ZAF
MAC,AUS
MAC,CHN
MAC,GBR
MAC,JPN
MAC,KOR
MAC,PRK
MAC,PRT
MAC,SGP
MAC,THA
MAC,TWN
MAC,USA
MAC,VNM
MAR,AFG
MAR,AGO
MAR,AND
MAR,ARE
MAR,ARG
MAR,ARM
MAR,AUS
MAR,BEL
MAR,BEN
MAR,BFA
MAR,BGD
MAR,BHR
MAR,BRA
MAR,BWA
MAR,CAF
MAR,CAN
MAR,CHE
MAR,CHN
MAR,CIV
MAR,CMR
MAR,COD
MAR,COG
MAR,COL
MAR,CUB
MAR,DEU
MAR,DJI
MAR,DMA
MAR,DNK
MAR,DOM
MAR,DZA
MAR,EGY
MAR,ESP
MAR,ETH
MAR,FIN
MAR,FRA
MAR,FSM
MAR,GAB
MAR,GBR
MAR,GHA
MAR,GIN
MAR,GMB
MAR,GNB
MAR,GRC
MAR,HTI
MAR,IDN
MAR,IND
MAR,IRL
MAR,IRN
MAR,IRQ
MAR,ISR
MAR,ITA
MAR,JAM
MAR,JOR
MAR,JPN
MAR,KEN
MAR,KNA
MAR,KOR
MAR,KWT
MAR,LBN
MAR,LBR
MAR,LBY
MAR,LKA
MAR,MDG
MAR,MEX
MAR,MLI
MAR,MLT
MAR,MOZ
MAR,MRT
MAR,MYS
MAR,NAM
MAR,NER
MAR,NGA
MAR,NLD
MAR,NOR
MAR,NPL
MAR,NZL
MAR,OMN
MAR,PAK
MAR,PHL
MAR,POL
MAR,PRT
MAR,PSE
MAR,QAT
MAR,RUS
MAR,SAU
MAR,SDN
MAR,SEN
MAR,SLB
MAR,SLE
MAR,SOM
MAR,SRB
MAR,SWE
MAR,SYR
MAR,TCD
MAR,TGO
MAR,TJK
MAR,TUN
MAR,TUR
MAR,UGA
MAR,UKR
MAR,USA
MAR,VNM
MAR,YEM
MAR,ZAF
MAR,ZMB
MAR,ZWE
MCO,AFG
MCO,AIA
MCO,ALB
MCO,ARE
MCO,ARG
MCO,ARM
MCO,AUS
MCO,AUT
MCO,AZE
MCO,BDI
MCO,BEL
MCO,BGR
MCO,BHS
MCO,BLZ
MCO,BRA
MCO,BRN
MCO,CAN
MCO,CHE
MCO,CHN
MCO,CIV
MCO,COD
MCO,COL
MCO,CRI
MCO,CUB
MCO,CYM
MCO,CYP
MCO,DEU
MCO,DNK
MCO,EGY
MCO,ESP
MCO,EST
MCO,ETH
MCO,FIN
MCO,FRA
MCO,GBR
MCO,GHA
MCO,GRC
MCO,GRD
MCO,HND
MCO,HRV
MCO,HTI
MCO,HUN
MCO,IDN
MCO,IND
MCO,IRL
MCO,IRN
MCO,IRQ
MCO,ISR
MCO,ITA
MCO,JAM
MCO,JOR
MCO,JPN
MCO,KEN
MCO,KNA
MCO,KOR
MCO,LBN
MCO,LBR
MCO,LBY
MCO,LIE
MCO,LKA
MCO,LSO
MCO,LUX
MCO,MAR
MCO,MDV
MCO,MEX
MCO,MLT
MCO,MOZ
MCO,MWI
MCO,MYS
MCO,NAM
MCO,NGA
MCO,NIC
MCO,NLD
MCO,NOR
MCO,NPL
MCO,NZL
MCO,OMN
MCO,PAK
MCO,PAN
MCO,PER
MCO,PHL
MCO,PNG
MCO,PRK
MCO,PRT
MCO,PSE
MCO,QAT
MCO,RUS
MCO,RWA
MCO,SAU
MCO,SDN
MCO,SGP
MCO,SLB
MCO,SLE
MCO,SLV
MCO,SYR
MCO,TCD
MCO,THA
MCO,TUN
MCO,TUR
MCO,TWN
MCO,TZA
MCO,UGA
MCO,USA
MCO,VAT
MCO,VNM
MCO,ZAF
MCO,ZWE
MDA,AFG
MDA,ALB
MDA,ARE
MDA,ARM
MDA,AUS
MDA,AUT
MDA,AZE
MDA,BGR
MDA,BLR
MDA,BRA
MDA,CAN
MDA,CHE
MDA,CHN
MDA,CIV
MDA,CYP
MDA,CZE
MDA,DEU
MDA,ESP
MDA,EST
MDA,FIN
MDA,FRA
MDA,GBR
MDA,GRC
MDA,HTI
MDA,HUN
MDA,IRN
MDA,IRQ
MDA,ISR
MDA,ITA
MDA,JPN
MDA,KAZ
MDA,KEN
MDA,KGZ
MDA,LBR
MDA,LBY
MDA,LTU
MDA,LVA
MDA,MDV
MDA,NOR
MDA,NZL
MDA,POL
MDA,PRK
MDA,PSE
MDA,RUS
MDA,SRB
MDA,SVK
MDA,SWE
MDA,TJK
MDA,TKM
MDA,TUR
MDA,UKR
MDA,USA
MDA,UZB
MDA,VNM
MDG,AFG
MDG,AUS
MDG,BGD
MDG,BGR
MDG,CAN
MDG,CHE
MDG,CHN
MDG,COD
MDG,COM
MDG,DEU
MDG,DOM
MDG,EGY
MDG,FJI
MDG,FRA
MDG,GBR
MDG,GHA
MDG,GRC
MDG,HND
MDG,HRV
MDG,IDN
MDG,IRL
MDG,ITA
MDG,JPN
MDG,KEN
MDG,KHM
MDG,KOR
MDG,MAR
MDG,MKD
MDG,MLI
MDG,MOZ
MDG,MUS
MDG,MWI
MDG,NAM
MDG,NER
MDG,NIC
MDG,NLD
MDG,NOR
MDG,PHL
MDG,POL
MDG,RUS
MDG,RWA
MDG,SAF
MDG,SOM
MDG,SWE
MDG,SYC
MDG,TUR
MDG,TZA
MDG,UGA
MDG,USA
MDG,ZAF
MDG,ZMB
MDV,AFG
MDV,AGO
MDV,ARE
MDV,ARG
MDV,AUS
MDV,BEL
MDV,BGD
MDV,BGR
MDV,BHR
MDV,BHS
MDV,BLZ
MDV,BMU
MDV,BOL
MDV,BRA
MDV,BRN
MDV,BTN
MDV,BWA
MDV,CAN
MDV,CHE
MDV,CHN
MDV,CMR
MDV,COD
MDV,COG
MDV,CUB
MDV,CZE
MDV,DEU
MDV,DNK
MDV,DZA
MDV,EGY
MDV,ESP
MDV,FIN
MDV,FRA
MDV,GBR
MDV,GHA
MDV,GRC
MDV,GUY
MDV,HND
MDV,HRV
MDV,HTI
MDV,IDN
MDV,IND
MDV,IRL
MDV,IRN
MDV,IRQ
MDV,ISR
MDV,JAM
MDV,JPN
MDV,KEN
MDV,KHM
MDV,KOR
MDV,KWT
MDV,LBN
MDV,LBR
MDV,LBY
MDV,LKA
MDV,MAR
MDV,MCO
MDV,MDG
MDV,MEX
MDV,MLT
MDV,MMR
MDV,MUS
MDV,MYS
MDV,NAM
MDV,NGA
MDV,NLD
MDV,NPL
MDV,NZL
MDV,PAK
MDV,PHL
MDV,POL
MDV,PSE
MDV,QAT
MDV,RUS
MDV,RWA
MDV,SAU
MDV,SGP
MDV,SOM
MDV,SWE
MDV,SWZ
MDV,SYC
MDV,SYR
MDV,THA
MDV,TUR
MDV,TUV
MDV,TZA
MDV,UGA
MDV,USA
MDV,VNM
MDV,WSM
MDV,ZAF
MDV,ZWE
MEA,USA
MEX,AFG
MEX,ARE
MEX,ARG
MEX,ARM
MEX,ATG
MEX,AUS
MEX,AUT
MEX,AZE
MEX,BEL
MEX,BGD
MEX,BGR
MEX,BHS
MEX,BLZ
MEX,BMU
MEX,BOL
MEX,BRA
MEX,BRB
MEX,CAN
MEX,CHE
MEX,CHL
MEX,CHN
MEX,COD
MEX,COL
MEX,CPV
MEX,CRI
MEX,CUB
MEX,CYM
MEX,CYP
MEX,CZE
MEX,DEU
MEX,DMA
MEX,DNK
MEX,DOM
MEX,DZA
MEX,ECU
MEX,EGY
MEX,ESP
MEX,USA
MHL,USA
MKD,USA
MLI,USA
MLT,USA
MMR,USA
MNG,USA
MOZ,USA
MRT,USA
MUS,USA
MWI,USA
MYS,USA
NAM,USA
NER,USA
NGA,USA
NIC,USA
NLD,USA
NMR,USA
NOR,USA
NPL,USA
NRU,USA
NZL,USA
OMN,USA
PAK,USA
PAN,USA
PER,USA
PGS,USA
PHL,USA
PLW,USA
PNG,USA
POL,USA
PRI,USA
PRK,USA
PRT,USA
PRY,USA
PSE,USA
QAT,USA
ROM,USA
RUS,USA
RWA,USA
SAF,USA
SAM,USA
SAS,USA
SAU,USA
SDN,USA
SEA,USA
SEN,USA
SGP,USA
SLB,USA
SLE,USA
SLV,USA
SMR,USA
SOM,USA
SRB,USA
SSD,USA
STP,USA
SUR,USA
SVK,USA
SWE,USA
SWZ,USA
SYC,USA
SYR,USA
TCD,USA
TGO,USA
THA,USA
TJK,USA
TKM,USA
TMP,USA
TON,USA
TTO,USA
TUN,USA
TUR,USA
TUV,USA
TWN,USA
TZA,USA
UGA,USA
UKR,USA
URY,USA
USA,ABW
USA,AFG
USA,AFR
USA,AGO
USA,AIA
USA,ALB
USA,AND
USA,ARE
USA,ARG
USA,ARM
USA,ASA
USA,ATG
USA,AUS
USA,AUT
USA,AZE
USA,BDI
USA,BEL
USA,BEN
USA,BFA
USA,BGD
USA,BGR
USA,BHR
USA,BHS
USA,BLR
USA,BLZ
USA,BMU
USA,BOL
USA,BRA
USA,BRB
USA,BRN
USA,BTN
USA,BWA
USA,CAF
USA,CAN
USA,CAS
USA,CAU
USA,CHE
USA,CHL
USA,CHN
USA,CIV
USA,CMR
USA,COD
USA,COG
USA,COK
USA,COL
USA,COM
USA,CPV
USA,CRB
USA,CRI
USA,CUB
USA,CYM
USA,CYP
USA,CZE
USA,DEU
USA,DJI
USA,DMA
USA,DNK
USA,DOM
USA,DZA
USA,EAF
USA,ECU
USA,EGY
USA,ERI
USA,ESP
USA,EST
USA,ETH
USA,EUR
USA,FIN
USA,FJI
USA,FRA
USA,FSM
USA,GAB
USA,GBR
USA,GEO
USA,GHA
USA,GIN
USA,GMB
USA,GNB
USA,GNQ
USA,GRC
USA,GRD
USA,GTM
USA,GUY
USA,HKG
USA,HND
USA,HRV
USA,HTI
USA,HUN
USA,IDN
USA,IND
USA,IRL
USA,IRN
USA,IRQ
USA,ISL
USA,ISR
USA,ITA
USA,JAM
USA,JOR
USA,JPN
USA,KAZ
USA,KEN
USA,KGZ
USA,KHM
USA,KIR
USA,KNA
USA,KOR
USA,KWT
USA,LAM
USA,LAO
USA,LBN
USA,LBR
USA,LBY
USA,LCA
USA,LIE
USA,LKA
USA,LSO
USA,LTU
USA,LUX
USA,LVA
USA,MAC
USA,MAR
USA,MCO
USA,MDA
USA,MDG
USA,MDV
USA,MEA
USA,MEX
USA,MHL
USA,MKD
USA,MLI
USA,MLT
USA,MMR
USA,MNG
USA,MOZ
USA,MRT
USA,MUS
USA,MWI
USA,MYS
USA,NAM
USA,NER
USA,NGA
USA,NIC
USA,NLD
USA,NMR
USA,NOR
USA,NPL
USA,NRU
USA,NZL
USA,OMN
USA,PAK
USA,PAN
USA,PER
USA,PGS
USA,PHL
USA,PLW
USA,PNG
USA,POL
USA,PRI
USA,PRK
USA,PRT
USA,PRY
USA,PSE
USA,QAT
USA,RUS
USA,RWA
USA,SAF
USA,SAM
USA,SAS
USA,SAU
USA,SDN
USA,SEA
USA,SEN
USA,SGP
USA,SLB
USA,SLE
USA,SLV
USA,SMR
USA,SOM
USA,SRB
USA,SSD
USA,STP
USA,SUR
USA,SVK
USA,SWE
USA,SWZ
USA,SYC
USA,SYR
USA,TCD
USA,TGO
USA,THA
USA,TJK
USA,TKM
USA,TMP
USA,TON
USA,TTO
USA,TUN
USA,TUR
USA,TUV
USA,TWN
USA,TZA
USA,UGA
USA,UKR
USA,URY
USA,USA
USA,UZB
USA,VAT
USA,VCT
USA,VEN
USA,VNM
USA,VUT
USA,WAF
USA,WSM
USA,WST
USA,YEM
USA,ZAF
USA,ZMB
USA,ZWE
UZB,USA
VAT,USA
VCT,USA
VEN,USA
VNM,USA
VUT,USA
WAF,USA
WSM,USA
WST,USA
YEM,USA
ZAF,USA
ZMB,USA
ZWE,USA
